account_id,timestamp,amount_inr,channel,counterparty_id,direction,tx_location_lat,tx_location_lon,tx_location_city,tx_location_state,tx_location_country
ACC00000,2026-07-20T22:02:00.195593,1703.01,WALLET,MER0028,DEBIT,,,,,
ACC00000,2026-06-10T14:20:46.325235,2448.15,UPI_ECOM,MER0013,DEBIT,,,,,
ACC00000,2026-07-29T08:09:10.423792,8836.63,UPI_ECOM,MER0008,DEBIT,,,,,
ACC00000,2026-06-05T10:05:51.642519,8636.93,CARD_ECOM,MER0010,DEBIT,,,,,
ACC00001,2026-07-13T23:37:01.205640,1104.1,CARD_ECOM,MER0012,DEBIT,,,,,
ACC00001,2026-08-23T17:33:23.001098,6640.61,CARD_ECOM,MER0009,DEBIT,,,,,
ACC00001,2026-08-24T14:28:10.610909,7862.15,CARD_ECOM,MER0030,DEBIT,,,,,
ACC00001,2026-08-24T12:00:59.915093,5582.66,CARD_ECOM,MER0012,DEBIT,,,,,
ACC00002,2026-07-01T17:57:32.962099,4270.77,CARD_ECOM,MER0013,DEBIT,,,,,
ACC00002,2026-08-12T05:30:45.865000,6263.49,CARD_POS,MER0015,DEBIT,,,,,
ACC00002,2026-07-08T21:21:44.351597,3620.65,CARD_ECOM,MER0005,DEBIT,,,,,
ACC00002,2026-07-05T19:16:50.665472,5909.04,CARD_ECOM,MER0005,DEBIT,,,,,
ACC00002,2026-06-04T18:16:49.807843,944.73,WALLET,MER0011,DEBIT,,,,,
ACC00002,2026-07-24T02:32:13.856631,2297.78,WALLET,MER0013,DEBIT,,,,,
ACC00002,2026-06-18T02:34:16.829125,2080.85,CARD_ECOM,MER0013,DEBIT,,,,,
ACC00002,2026-07-05T00:03:38.289983,4756.67,UPI_ECOM,MER0031,DEBIT,,,,,
ACC00003,2026-08-19T01:25:58.068115,1468.11,CARD_ECOM,MER0035,DEBIT,,,,,
ACC00003,2026-07-30T00:56:31.241910,6182.17,WALLET,MER0034,DEBIT,,,,,
ACC00003,2026-07-24T13:19:55.978627,3006.05,UPI_ECOM,MER0007,DEBIT,,,,,
ACC00003,2026-06-20T07:06:03.244170,767.77,WALLET,MER0030,DEBIT,,,,,
ACC00003,2026-08-29T15:29:51.753876,2778.34,CARD_ECOM,MER0034,DEBIT,,,,,
ACC00003,2026-08-21T21:11:12.712704,579.3,UPI_ECOM,MER0007,DEBIT,,,,,
ACC00003,2026-08-11T01:36:09.929522,2368.46,CARD_ECOM,MER0035,DEBIT,,,,,
ACC00003,2026-08-03T21:19:27.709656,7586.31,CARD_POS,MER0021,DEBIT,,,,,
ACC00003,2026-08-14T06:34:22.977961,5562.39,UPI_ECOM,MER0017,DEBIT,,,,,
ACC00003,2026-08-10T05:14:09.545662,1581.98,UPI_ECOM,MER0015,DEBIT,,,,,
ACC00003,2026-08-09T07:36:20.839273,6316.91,CARD_POS,MER0033,DEBIT,,,,,
ACC00004,2026-06-07T20:43:03.762375,3581.53,UPI_ECOM,MER0016,DEBIT,,,,,
ACC00004,2026-06-16T07:14:03.778487,2035.81,CARD_ECOM,MER0011,DEBIT,,,,,
ACC00004,2026-08-28T05:00:06.802107,5295.05,CARD_ECOM,MER0004,DEBIT,,,,,
ACC00004,2026-07-09T00:57:01.952024,1078.88,CARD_ECOM,MER0035,DEBIT,,,,,
ACC00004,2026-07-27T03:05:10.173374,6220.14,WALLET,MER0026,DEBIT,,,,,
ACC00004,2026-07-11T18:47:08.088056,8924.13,WALLET,MER0013,DEBIT,,,,,
ACC00004,2026-06-08T08:39:33.861782,7442.9,UPI_ECOM,MER0023,DEBIT,,,,,
ACC00005,2026-08-23T22:14:54.174096,6785.51,UPI_ECOM,MER0022,DEBIT,,,,,
ACC00005,2026-08-28T22:20:54.331667,8662.9,UPI_ECOM,MER0020,DEBIT,,,,,
ACC00005,2026-08-22T09:42:14.102674,2338.52,CARD_ECOM,MER0036,DEBIT,,,,,
ACC00005,2026-06-29T15:54:10.261779,6532.97,WALLET,MER0034,DEBIT,,,,,
ACC00005,2026-07-23T03:54:24.901857,1764.87,WALLET,MER0012,DEBIT,,,,,
ACC00005,2026-06-11T09:40:00.547582,5997.13,CARD_POS,MER0029,DEBIT,,,,,
ACC00005,2026-06-03T09:10:31.372246,8197.38,WALLET,MER0038,DEBIT,,,,,
ACC00006,2026-08-18T18:43:15.955318,4494.25,CARD_ECOM,MER0013,DEBIT,,,,,
ACC00006,2026-06-28T23:40:16.482265,6299.3,CARD_POS,MER0022,DEBIT,,,,,
ACC00006,2026-07-30T20:29:48.172159,1106.63,UPI_ECOM,MER0013,DEBIT,,,,,
ACC00007,2026-07-21T20:16:55.203425,1624.3,WALLET,MER0023,DEBIT,,,,,
ACC00007,2026-08-06T04:11:44.732355,2430.96,WALLET,MER0019,DEBIT,,,,,
ACC00007,2026-08-22T18:39:47.806696,8196.57,CARD_POS,MER0029,DEBIT,,,,,
ACC00008,2026-07-16T06:41:28.059103,4015.14,WALLET,MER0008,DEBIT,,,,,
ACC00008,2026-08-26T02:02:28.835505,8927.62,CARD_ECOM,MER0006,DEBIT,,,,,
ACC00009,2026-06-03T00:50:58.657436,1129.9,WALLET,MER0014,DEBIT,,,,,
ACC00009,2026-08-04T17:49:08.036650,8465.64,UPI_ECOM,MER0004,DEBIT,,,,,
ACC00009,2026-07-20T11:27:52.580676,8203.44,CARD_ECOM,MER0034,DEBIT,,,,,
ACC00009,2026-08-13T03:40:40.803114,3821.71,WALLET,MER0011,DEBIT,,,,,
ACC00009,2026-07-10T10:04:01.794858,2967.63,WALLET,MER0027,DEBIT,,,,,
ACC00009,2026-08-09T08:04:05.328917,2939.73,CARD_ECOM,MER0003,DEBIT,,,,,
ACC00009,2026-06-03T06:19:34.752192,8233.25,CARD_POS,MER0024,DEBIT,,,,,
ACC00010,2026-06-10T13:08:08.640702,3456.53,WALLET,MER0035,DEBIT,,,,,
ACC00010,2026-08-07T07:34:08.858908,7338.48,UPI_ECOM,MER0010,DEBIT,,,,,
ACC00010,2026-06-07T09:51:04.675480,1305.48,UPI_ECOM,MER0026,DEBIT,,,,,
ACC00010,2026-07-28T20:07:23.955295,6841.84,UPI_ECOM,MER0010,DEBIT,,,,,
ACC00010,2026-08-24T18:14:02.281472,8862.24,CARD_ECOM,MER0020,DEBIT,,,,,
ACC00010,2026-08-05T11:29:48.772801,6728.83,UPI_ECOM,MER0034,DEBIT,,,,,
ACC00010,2026-08-10T11:47:37.216675,8332.67,CARD_POS,MER0036,DEBIT,,,,,
ACC00010,2026-08-14T10:29:21.824142,6464.7,CARD_POS,MER0003,DEBIT,,,,,
ACC00011,2026-06-07T04:29:35.105240,2829.96,CARD_ECOM,MER0022,DEBIT,,,,,
ACC00011,2026-06-14T23:11:14.870719,6507.86,CARD_ECOM,MER0015,DEBIT,,,,,
ACC00011,2026-07-31T06:48:12.286280,4358.47,CARD_ECOM,MER0026,DEBIT,,,,,
ACC00011,2026-08-18T05:25:48.537433,1262.59,WALLET,MER0032,DEBIT,,,,,
ACC00011,2026-08-26T16:36:03.471034,3951.02,CARD_ECOM,MER0038,DEBIT,,,,,
ACC00011,2026-08-13T10:49:34.940421,7911.18,CARD_ECOM,MER0015,DEBIT,,,,,
ACC00011,2026-06-29T06:12:32.481868,942.51,WALLET,MER0016,DEBIT,,,,,
ACC00012,2026-06-28T16:00:09.652211,5113.99,CARD_ECOM,MER0000,DEBIT,,,,,
ACC00012,2026-08-01T18:51:10.278241,4368.34,UPI_ECOM,MER0026,DEBIT,,,,,
ACC00012,2026-07-22T20:00:57.335201,3149.34,CARD_ECOM,MER0036,DEBIT,,,,,
ACC00012,2026-07-08T11:17:10.609210,548.87,CARD_ECOM,MER0005,DEBIT,,,,,
ACC00012,2026-06-03T11:09:31.660889,6423.78,CARD_ECOM,MER0008,DEBIT,,,,,
ACC00012,2026-08-24T12:24:41.903072,3314.64,WALLET,MER0000,DEBIT,,,,,
ACC00012,2026-07-26T12:19:57.261573,557.7,WALLET,MER0013,DEBIT,,,,,
ACC00012,2026-07-31T16:20:29.307530,1670.98,UPI_ECOM,MER0031,DEBIT,,,,,
ACC00012,2026-08-20T20:46:43.423528,7575.56,UPI_ECOM,MER0017,DEBIT,,,,,
ACC00013,2026-06-10T15:05:46.137917,4626.76,UPI_ECOM,MER0034,DEBIT,,,,,
ACC00013,2026-06-18T05:05:59.719333,1134.89,CARD_ECOM,MER0008,DEBIT,,,,,
ACC00014,2026-08-15T22:09:50.907276,6968.89,CARD_POS,MER0024,DEBIT,,,,,
ACC00014,2026-08-11T13:02:01.850044,7163.42,UPI_ECOM,MER0034,DEBIT,,,,,
ACC00014,2026-07-29T03:25:43.787095,3665.96,CARD_POS,MER0024,DEBIT,,,,,
ACC00014,2026-06-06T11:44:45.608228,8377.08,UPI_ECOM,MER0008,DEBIT,,,,,
ACC00014,2026-06-08T02:57:07.735863,6033.46,UPI_ECOM,MER0031,DEBIT,,,,,
ACC00014,2026-07-01T02:11:07.846609,6625.26,WALLET,MER0036,DEBIT,,,,,
ACC00014,2026-08-02T01:48:13.600188,6881.73,CARD_ECOM,MER0031,DEBIT,,,,,
ACC00014,2026-08-17T20:33:50.339156,4890.0,UPI_ECOM,MER0000,DEBIT,,,,,
ACC00015,2026-07-18T18:22:42.847065,4498.65,WALLET,MER0022,DEBIT,,,,,
ACC00015,2026-07-26T15:11:49.008047,5768.14,WALLET,MER0031,DEBIT,,,,,
ACC00015,2026-07-28T21:26:19.232974,5660.21,UPI_ECOM,MER0006,DEBIT,,,,,
ACC00015,2026-08-21T09:35:57.455201,3005.3,CARD_ECOM,MER0012,DEBIT,,,,,
ACC00015,2026-06-07T08:50:06.261894,3517.83,UPI_ECOM,MER0034,DEBIT,,,,,
ACC00015,2026-07-08T02:56:28.007345,2216.84,CARD_POS,MER0039,DEBIT,,,,,
ACC00015,2026-06-15T12:44:57.437977,5443.94,CARD_POS,MER0037,DEBIT,,,,,
ACC00015,2026-07-29T15:16:32.145796,1893.63,CARD_POS,MER0025,DEBIT,,,,,
ACC00015,2026-06-13T03:37:08.331109,8095.03,CARD_ECOM,MER0002,DEBIT,,,,,
ACC00015,2026-06-08T13:34:46.117082,6602.05,CARD_ECOM,MER0031,DEBIT,,,,,
ACC00016,2026-06-03T13:17:00.418830,8396.05,CARD_POS,MER0029,DEBIT,,,,,
ACC00016,2026-06-13T13:31:21.941013,6236.47,UPI_ECOM,MER0031,DEBIT,,,,,
ACC00016,2026-08-17T07:41:37.417501,5707.41,CARD_ECOM,MER0023,DEBIT,,,,,
ACC00016,2026-08-30T13:34:15.504287,2196.56,WALLET,MER0011,DEBIT,,,,,
ACC00017,2026-08-22T02:52:28.580957,3248.81,UPI_ECOM,MER0005,DEBIT,,,,,
ACC00017,2026-07-19T06:57:54.180816,5762.61,UPI_ECOM,MER0032,DEBIT,,,,,
ACC00017,2026-08-03T17:13:33.648709,8954.73,CARD_ECOM,MER0037,DEBIT,,,,,
ACC00017,2026-08-14T13:03:51.411242,4590.89,UPI_ECOM,MER0018,DEBIT,,,,,
ACC00017,2026-06-29T08:15:13.998797,818.11,WALLET,MER0000,DEBIT,,,,,
ACC00017,2026-08-19T00:39:25.344920,7227.09,CARD_POS,MER0027,DEBIT,,,,,
ACC00018,2026-08-12T12:40:15.446043,8459.29,CARD_ECOM,MER0022,DEBIT,,,,,
ACC00018,2026-06-16T06:46:56.017938,3213.59,CARD_ECOM,MER0007,DEBIT,,,,,
ACC00018,2026-07-08T16:31:54.657451,7245.83,CARD_ECOM,MER0037,DEBIT,,,,,
ACC00018,2026-08-30T08:26:29.629708,6079.42,UPI_ECOM,MER0014,DEBIT,,,,,
ACC00018,2026-06-13T20:59:12.097342,5407.41,CARD_ECOM,MER0023,DEBIT,,,,,
ACC00018,2026-07-28T07:04:44.778419,6512.66,WALLET,MER0009,DEBIT,,,,,
ACC00018,2026-07-08T05:06:22.255440,4156.22,WALLET,MER0035,DEBIT,,,,,
ACC00018,2026-07-06T19:22:42.731050,2477.56,CARD_POS,MER0008,DEBIT,,,,,
ACC00018,2026-08-09T22:19:58.226644,8821.88,UPI_ECOM,MER0034,DEBIT,,,,,
ACC00018,2026-07-17T17:08:51.184316,8311.29,CARD_ECOM,MER0035,DEBIT,,,,,
ACC00018,2026-08-07T14:45:02.895455,6454.98,WALLET,MER0010,DEBIT,,,,,
ACC00019,2026-08-30T05:50:11.480989,8240.97,CARD_ECOM,MER0038,DEBIT,,,,,
ACC00019,2026-07-16T07:07:57.808929,7526.8,UPI_ECOM,MER0018,DEBIT,,,,,
ACC00019,2026-07-20T02:13:54.478921,4536.61,CARD_POS,MER0009,DEBIT,,,,,
ACC00019,2026-07-15T16:28:16.766006,6562.89,CARD_ECOM,MER0003,DEBIT,,,,,
ACC00019,2026-08-04T07:45:57.453824,1990.0,CARD_POS,MER0026,DEBIT,,,,,
ACC00019,2026-08-15T03:25:32.698953,2229.96,WALLET,MER0002,DEBIT,,,,,
ACC00019,2026-07-22T22:59:11.110746,8824.74,WALLET,MER0000,DEBIT,,,,,
ACC00019,2026-07-02T01:14:40.734578,3683.67,CARD_ECOM,MER0023,DEBIT,,,,,
ACC00020,2026-07-17T06:58:51.819282,3643.99,WALLET,MER0036,DEBIT,,,,,
ACC00020,2026-08-15T11:23:44.614642,3353.13,CARD_POS,MER0019,DEBIT,,,,,
ACC00021,2026-06-10T06:19:51.257668,6400.82,WALLET,MER0039,DEBIT,,,,,
ACC00021,2026-06-28T04:56:48.827279,3357.08,CARD_POS,MER0000,DEBIT,,,,,
ACC00021,2026-06-17T01:17:19.304817,1472.86,WALLET,MER0032,DEBIT,,,,,
ACC00021,2026-06-08T23:59:53.610289,2804.35,UPI_ECOM,MER0003,DEBIT,,,,,
ACC00021,2026-07-01T05:45:24.526704,3742.37,CARD_ECOM,MER0038,DEBIT,,,,,
ACC00022,2026-08-22T19:23:40.014656,3002.32,CARD_ECOM,MER0026,DEBIT,,,,,
ACC00022,2026-07-08T23:41:10.645999,1490.37,UPI_ECOM,MER0006,DEBIT,,,,,
ACC00022,2026-06-04T15:54:46.952330,8534.72,CARD_ECOM,MER0016,DEBIT,,,,,
ACC00022,2026-06-03T21:54:01.861383,8319.55,UPI_ECOM,MER0011,DEBIT,,,,,
ACC00023,2026-07-05T11:11:13.354567,7811.42,WALLET,MER0006,DEBIT,,,,,
ACC00023,2026-08-02T22:21:44.874217,439.25,CARD_POS,MER0011,DEBIT,,,,,
ACC00023,2026-06-09T13:08:10.226626,5778.36,CARD_ECOM,MER0009,DEBIT,,,,,
ACC00023,2026-08-24T23:44:48.229309,8468.53,UPI_ECOM,MER0010,DEBIT,,,,,
ACC00023,2026-08-11T14:54:45.724275,2061.54,CARD_POS,MER0034,DEBIT,,,,,
ACC00023,2026-06-10T19:12:15.850511,3240.67,UPI_ECOM,MER0028,DEBIT,,,,,
ACC00023,2026-08-17T13:53:51.964256,7522.53,CARD_POS,MER0006,DEBIT,,,,,
ACC00023,2026-07-30T18:55:40.396944,4870.59,CARD_ECOM,MER0036,DEBIT,,,,,
ACC00023,2026-07-02T17:53:47.702444,1780.97,UPI_ECOM,MER0015,DEBIT,,,,,
ACC00023,2026-06-18T18:22:24.986021,5326.23,WALLET,MER0038,DEBIT,,,,,
ACC00023,2026-07-12T21:38:17.640636,7811.02,CARD_POS,MER0032,DEBIT,,,,,
ACC00024,2026-07-24T15:20:58.710175,6518.93,UPI_ECOM,MER0023,DEBIT,,,,,
ACC00024,2026-08-31T01:24:38.969349,2462.23,CARD_ECOM,MER0022,DEBIT,,,,,
ACC00024,2026-08-08T14:06:18.950194,3924.55,CARD_POS,MER0002,DEBIT,,,,,
ACC00024,2026-08-31T09:25:44.734328,3031.41,CARD_POS,MER0029,DEBIT,,,,,
ACC00024,2026-08-23T08:33:02.354328,7948.67,WALLET,MER0012,DEBIT,,,,,
ACC00024,2026-08-10T22:47:38.905210,8189.23,WALLET,MER0034,DEBIT,,,,,
ACC00024,2026-07-21T18:15:20.978228,8371.32,WALLET,MER0008,DEBIT,,,,,
ACC00024,2026-07-08T21:23:31.331821,3360.33,UPI_ECOM,MER0031,DEBIT,,,,,
ACC00024,2026-07-23T00:03:37.530132,8759.88,CARD_ECOM,MER0001,DEBIT,,,,,
ACC00024,2026-07-03T07:34:51.338975,7427.45,CARD_POS,MER0035,DEBIT,,,,,
ACC00024,2026-07-25T01:43:44.138195,3634.9,CARD_ECOM,MER0017,DEBIT,,,,,
ACC00025,2026-08-29T12:43:09.731852,4345.06,CARD_ECOM,MER0012,DEBIT,,,,,
ACC00025,2026-08-01T06:21:32.360665,1180.78,WALLET,MER0039,DEBIT,,,,,
ACC00025,2026-08-02T14:03:44.214263,5958.89,WALLET,MER0024,DEBIT,,,,,
ACC00025,2026-06-18T10:18:06.458736,4688.89,CARD_POS,MER0025,DEBIT,,,,,
ACC00025,2026-08-01T18:33:49.419194,6303.86,UPI_ECOM,MER0012,DEBIT,,,,,
ACC00025,2026-08-07T12:49:03.300424,3017.44,WALLET,MER0038,DEBIT,,,,,
ACC00025,2026-06-07T10:49:18.477212,2826.98,UPI_ECOM,MER0020,DEBIT,,,,,
ACC00025,2026-07-22T12:37:51.946616,4935.24,UPI_ECOM,MER0023,DEBIT,,,,,
ACC00025,2026-07-26T04:04:10.358576,8657.24,CARD_POS,MER0024,DEBIT,,,,,
ACC00025,2026-08-31T12:11:41.444966,1850.69,UPI_ECOM,MER0016,DEBIT,,,,,
ACC00025,2026-08-20T17:11:29.031694,2842.74,UPI_ECOM,MER0003,DEBIT,,,,,
ACC00025,2026-08-22T03:36:29.503844,6910.7,CARD_POS,MER0030,DEBIT,,,,,
ACC00026,2026-08-16T20:59:39.898743,2404.05,WALLET,MER0031,DEBIT,,,,,
ACC00026,2026-07-15T16:09:00.145322,3314.81,UPI_ECOM,MER0016,DEBIT,,,,,
ACC00026,2026-06-07T21:43:32.010867,3082.13,CARD_ECOM,MER0008,DEBIT,,,,,
ACC00026,2026-06-12T18:50:18.700865,3765.04,UPI_ECOM,MER0010,DEBIT,,,,,
ACC00027,2026-08-13T09:24:33.762540,7695.58,CARD_POS,MER0032,DEBIT,,,,,
ACC00027,2026-07-13T20:43:13.302070,5685.06,UPI_ECOM,MER0039,DEBIT,,,,,
ACC00027,2026-06-20T04:13:56.953753,2027.87,WALLET,MER0039,DEBIT,,,,,
ACC00027,2026-07-28T01:22:15.596341,5380.79,CARD_POS,MER0015,DEBIT,,,,,
ACC00027,2026-08-20T14:02:56.727278,4498.25,CARD_POS,MER0008,DEBIT,,,,,
ACC00027,2026-06-08T10:21:29.603119,2381.72,CARD_ECOM,MER0018,DEBIT,,,,,
ACC00027,2026-06-28T13:38:28.448200,1368.05,UPI_ECOM,MER0024,DEBIT,,,,,
ACC00027,2026-06-24T00:01:11.336559,3392.94,CARD_ECOM,MER0014,DEBIT,,,,,
ACC00027,2026-06-11T17:25:56.682036,3275.2,UPI_ECOM,MER0010,DEBIT,,,,,
ACC00028,2026-06-29T09:15:47.354498,5398.79,WALLET,MER0000,DEBIT,,,,,
ACC00028,2026-07-01T13:49:15.560686,6907.31,WALLET,MER0038,DEBIT,,,,,
ACC00028,2026-06-22T19:34:35.227503,8518.68,WALLET,MER0020,DEBIT,,,,,
ACC00028,2026-08-23T20:44:33.461497,8617.44,CARD_POS,MER0008,DEBIT,,,,,
ACC00028,2026-08-18T08:52:49.790147,2727.35,WALLET,MER0026,DEBIT,,,,,
ACC00028,2026-07-07T17:44:16.327878,1939.54,UPI_ECOM,MER0017,DEBIT,,,,,
ACC00028,2026-07-16T16:00:28.378887,3875.55,CARD_POS,MER0012,DEBIT,,,,,
ACC00028,2026-07-27T03:47:06.437416,983.68,WALLET,MER0020,DEBIT,,,,,
ACC00028,2026-08-21T03:43:16.708704,3180.54,CARD_ECOM,MER0032,DEBIT,,,,,
ACC00028,2026-08-12T19:11:58.044059,1805.2,UPI_ECOM,MER0009,DEBIT,,,,,
ACC00028,2026-06-24T06:31:59.374334,3326.81,CARD_ECOM,MER0032,DEBIT,,,,,
ACC00029,2026-06-07T03:26:53.117940,6203.71,WALLET,MER0031,DEBIT,,,,,
ACC00029,2026-07-25T05:10:22.242574,4110.73,WALLET,MER0024,DEBIT,,,,,
ACC00029,2026-08-18T13:27:34.491370,6757.64,CARD_ECOM,MER0016,DEBIT,,,,,
ACC00029,2026-08-01T16:53:52.309697,6898.74,WALLET,MER0026,DEBIT,,,,,
ACC00029,2026-06-25T10:54:25.221317,2584.97,UPI_ECOM,MER0028,DEBIT,,,,,
ACC00030,2026-06-29T04:52:16.362190,7243.88,CARD_ECOM,MER0004,DEBIT,,,,,
ACC00030,2026-06-26T21:55:34.241929,986.41,CARD_ECOM,MER0020,DEBIT,,,,,
ACC00030,2026-08-31T13:19:10.663037,899.13,CARD_POS,MER0004,DEBIT,,,,,
ACC00030,2026-06-11T08:24:03.223977,3826.88,UPI_ECOM,MER0033,DEBIT,,,,,
ACC00030,2026-06-24T01:45:21.767481,3780.03,CARD_POS,MER0016,DEBIT,,,,,
ACC00030,2026-06-22T06:05:16.213648,7553.82,CARD_POS,MER0008,DEBIT,,,,,
ACC00030,2026-06-16T17:42:41.795820,7659.44,UPI_ECOM,MER0015,DEBIT,,,,,
ACC00030,2026-07-27T10:03:32.868197,2015.95,CARD_POS,MER0024,DEBIT,,,,,
ACC00030,2026-07-15T12:13:25.997528,8485.32,CARD_POS,MER0027,DEBIT,,,,,
ACC00030,2026-07-25T09:01:47.965537,3420.28,WALLET,MER0031,DEBIT,,,,,
ACC00031,2026-06-30T09:00:55.494479,1513.32,WALLET,MER0012,DEBIT,,,,,
ACC00031,2026-06-21T01:41:15.068997,1403.92,CARD_ECOM,MER0010,DEBIT,,,,,
ACC00031,2026-08-12T07:51:07.100351,663.51,CARD_ECOM,MER0018,DEBIT,,,,,
ACC00031,2026-08-01T23:59:49.867255,3483.54,WALLET,MER0001,DEBIT,,,,,
ACC00031,2026-06-22T15:12:14.490480,7924.12,CARD_POS,MER0007,DEBIT,,,,,
ACC00031,2026-06-04T05:12:26.640474,4670.71,UPI_ECOM,MER0032,DEBIT,,,,,
ACC00031,2026-08-04T23:25:24.630219,8706.87,CARD_ECOM,MER0036,DEBIT,,,,,
ACC00031,2026-06-19T07:24:34.550105,7472.97,CARD_POS,MER0017,DEBIT,,,,,
ACC00031,2026-07-13T09:15:28.544087,767.02,UPI_ECOM,MER0015,DEBIT,,,,,
ACC00031,2026-08-06T09:02:51.815679,6584.53,CARD_ECOM,MER0001,DEBIT,,,,,
ACC00032,2026-06-23T01:50:48.011142,8180.46,UPI_ECOM,MER0006,DEBIT,,,,,
ACC00032,2026-07-31T18:13:35.338839,763.67,CARD_ECOM,MER0032,DEBIT,,,,,
ACC00033,2026-07-14T02:04:58.330117,5762.57,CARD_ECOM,MER0034,DEBIT,,,,,
ACC00033,2026-07-17T12:13:30.679690,1051.01,CARD_POS,MER0018,DEBIT,,,,,
ACC00033,2026-06-07T09:36:19.071342,3335.63,CARD_ECOM,MER0036,DEBIT,,,,,
ACC00033,2026-06-13T08:55:22.454811,8903.53,WALLET,MER0038,DEBIT,,,,,
ACC00033,2026-07-14T16:29:16.172665,3063.44,UPI_ECOM,MER0030,DEBIT,,,,,
ACC00033,2026-08-05T18:35:39.200158,7109.56,CARD_POS,MER0028,DEBIT,,,,,
ACC00034,2026-07-08T22:27:04.987344,7429.9,WALLET,MER0006,DEBIT,,,,,
ACC00034,2026-06-15T18:01:27.022918,2334.57,WALLET,MER0003,DEBIT,,,,,
ACC00034,2026-08-30T04:12:11.440754,3501.26,UPI_ECOM,MER0005,DEBIT,,,,,
ACC00034,2026-06-21T14:06:09.725872,3055.86,CARD_POS,MER0034,DEBIT,,,,,
ACC00034,2026-06-05T03:56:09.277510,5299.89,WALLET,MER0038,DEBIT,,,,,
ACC00034,2026-06-12T08:45:03.218434,8722.75,WALLET,MER0037,DEBIT,,,,,
ACC00034,2026-06-11T15:58:48.462126,5224.82,CARD_POS,MER0010,DEBIT,,,,,
ACC00035,2026-08-19T05:11:54.746459,3457.95,CARD_POS,MER0006,DEBIT,,,,,
ACC00035,2026-07-10T06:49:33.596838,8759.5,WALLET,MER0008,DEBIT,,,,,
ACC00035,2026-08-05T02:55:13.132152,5401.72,UPI_ECOM,MER0017,DEBIT,,,,,
ACC00035,2026-07-12T01:12:44.968789,1581.14,CARD_POS,MER0017,DEBIT,,,,,
ACC00035,2026-06-03T19:42:56.008175,5559.25,WALLET,MER0017,DEBIT,,,,,
ACC00035,2026-08-14T10:29:28.001548,1846.6,WALLET,MER0022,DEBIT,,,,,
ACC00035,2026-08-17T08:55:30.718642,5737.37,UPI_ECOM,MER0010,DEBIT,,,,,
ACC00035,2026-06-24T13:11:32.242408,5799.68,UPI_ECOM,MER0024,DEBIT,,,,,
ACC00035,2026-06-11T01:01:15.447287,6796.47,CARD_ECOM,MER0008,DEBIT,,,,,
ACC00035,2026-08-16T04:08:59.008537,7694.57,UPI_ECOM,MER0002,DEBIT,,,,,
ACC00036,2026-06-23T06:06:57.760405,4626.79,WALLET,MER0011,DEBIT,,,,,
ACC00036,2026-08-26T18:25:45.347810,4538.6,CARD_ECOM,MER0003,DEBIT,,,,,
ACC00036,2026-07-13T16:32:01.364605,802.87,WALLET,MER0034,DEBIT,,,,,
ACC00036,2026-07-23T04:18:38.874958,1719.22,WALLET,MER0017,DEBIT,,,,,
ACC00036,2026-07-11T16:41:58.219460,8295.88,WALLET,MER0029,DEBIT,,,,,
ACC00036,2026-06-08T17:43:03.739518,5540.83,UPI_ECOM,MER0014,DEBIT,,,,,
ACC00036,2026-07-14T13:34:05.747477,1287.18,WALLET,MER0039,DEBIT,,,,,
ACC00036,2026-07-05T23:49:38.592180,2979.3,UPI_ECOM,MER0033,DEBIT,,,,,
ACC00036,2026-06-19T21:14:05.333630,8492.26,CARD_ECOM,MER0002,DEBIT,,,,,
ACC00036,2026-07-14T20:48:42.239149,2390.24,UPI_ECOM,MER0001,DEBIT,,,,,
ACC00036,2026-08-21T20:18:41.935938,859.81,CARD_ECOM,MER0016,DEBIT,,,,,
ACC00037,2026-07-29T12:56:22.635874,6045.12,CARD_POS,MER0002,DEBIT,,,,,
ACC00037,2026-06-05T09:41:38.993541,8256.36,UPI_ECOM,MER0005,DEBIT,,,,,
ACC00037,2026-06-27T01:16:21.400857,3729.72,WALLET,MER0028,DEBIT,,,,,
ACC00038,2026-08-08T13:45:24.897486,1948.62,CARD_POS,MER0013,DEBIT,,,,,
ACC00038,2026-07-10T15:47:26.160340,1110.68,CARD_POS,MER0005,DEBIT,,,,,
ACC00038,2026-07-24T20:15:49.666991,8705.47,CARD_POS,MER0009,DEBIT,,,,,
ACC00039,2026-06-24T22:01:13.613279,8585.88,UPI_ECOM,MER0024,DEBIT,,,,,
ACC00039,2026-08-19T02:17:37.667352,7294.62,CARD_POS,MER0012,DEBIT,,,,,
ACC00039,2026-06-15T20:55:14.567803,8872.65,CARD_POS,MER0002,DEBIT,,,,,
ACC00039,2026-06-18T07:32:37.076690,2182.54,CARD_POS,MER0019,DEBIT,,,,,
ACC00040,2026-06-03T23:48:03.582033,4078.85,UPI_ECOM,MER0036,DEBIT,,,,,
ACC00040,2026-06-23T16:41:49.874800,3412.73,WALLET,MER0029,DEBIT,,,,,
ACC00040,2026-06-08T04:42:25.597525,921.89,UPI_ECOM,MER0025,DEBIT,,,,,
ACC00040,2026-07-05T05:07:15.692717,789.08,CARD_POS,MER0034,DEBIT,,,,,
ACC00040,2026-07-12T04:05:24.398629,1419.4,CARD_POS,MER0025,DEBIT,,,,,
ACC00040,2026-06-06T22:51:18.558691,4882.12,CARD_ECOM,MER0007,DEBIT,,,,,
ACC00040,2026-07-28T09:35:58.431764,5544.32,WALLET,MER0018,DEBIT,,,,,
ACC00040,2026-06-23T20:46:29.340424,7919.62,CARD_ECOM,MER0037,DEBIT,,,,,
ACC00041,2026-06-16T13:42:49.422615,1119.22,UPI_ECOM,MER0003,DEBIT,,,,,
ACC00041,2026-08-26T14:49:49.504052,8292.94,CARD_ECOM,MER0007,DEBIT,,,,,
ACC00041,2026-08-12T05:28:10.490411,7267.48,UPI_ECOM,MER0016,DEBIT,,,,,
ACC00042,2026-06-10T08:33:19.499483,6982.76,WALLET,MER0015,DEBIT,,,,,
ACC00042,2026-07-19T03:26:34.011140,7241.3,WALLET,MER0037,DEBIT,,,,,
ACC00042,2026-08-15T09:29:05.452041,2210.25,WALLET,MER0019,DEBIT,,,,,
ACC00042,2026-06-04T22:09:17.014520,1286.45,WALLET,MER0035,DEBIT,,,,,
ACC00042,2026-08-17T12:04:57.030631,8132.61,UPI_ECOM,MER0013,DEBIT,,,,,
ACC00042,2026-08-28T01:18:10.672537,7693.23,CARD_POS,MER0034,DEBIT,,,,,
ACC00042,2026-06-09T06:47:03.356720,2144.34,WALLET,MER0018,DEBIT,,,,,
ACC00042,2026-07-14T07:26:20.804524,4310.24,CARD_ECOM,MER0027,DEBIT,,,,,
ACC00042,2026-06-20T22:36:06.836051,7037.47,WALLET,MER0018,DEBIT,,,,,
ACC00042,2026-08-16T16:23:35.218978,4905.72,CARD_POS,MER0014,DEBIT,,,,,
ACC00042,2026-07-20T18:30:17.277269,1540.36,UPI_ECOM,MER0024,DEBIT,,,,,
ACC00043,2026-08-13T01:20:07.887574,8004.52,UPI_ECOM,MER0028,DEBIT,,,,,
ACC00043,2026-08-14T17:14:59.075324,944.48,CARD_POS,MER0005,DEBIT,,,,,
ACC00043,2026-08-03T19:45:36.753644,4719.79,WALLET,MER0011,DEBIT,,,,,
ACC00043,2026-08-27T08:50:42.429650,6646.94,WALLET,MER0035,DEBIT,,,,,
ACC00043,2026-06-19T21:30:55.259337,7709.06,WALLET,MER0033,DEBIT,,,,,
ACC00043,2026-06-27T19:38:10.679417,6949.78,CARD_POS,MER0000,DEBIT,,,,,
ACC00043,2026-06-06T22:18:50.982807,3973.34,CARD_ECOM,MER0012,DEBIT,,,,,
ACC00043,2026-08-10T13:31:43.348594,4517.06,CARD_ECOM,MER0038,DEBIT,,,,,
ACC00043,2026-07-17T08:10:19.026158,439.93,UPI_ECOM,MER0027,DEBIT,,,,,
ACC00043,2026-08-30T03:16:51.947621,5655.53,UPI_ECOM,MER0008,DEBIT,,,,,
ACC00043,2026-08-21T20:48:04.479591,3975.58,CARD_POS,MER0007,DEBIT,,,,,
ACC00043,2026-07-12T00:42:09.556462,5004.58,UPI_ECOM,MER0021,DEBIT,,,,,
ACC00044,2026-08-28T05:04:03.210183,3356.57,UPI_ECOM,MER0030,DEBIT,,,,,
ACC00044,2026-06-25T08:11:39.515712,7002.3,CARD_ECOM,MER0009,DEBIT,,,,,
ACC00044,2026-06-05T01:16:53.246785,2106.26,CARD_POS,MER0014,DEBIT,,,,,
ACC00044,2026-06-19T00:51:39.634300,7068.91,CARD_POS,MER0013,DEBIT,,,,,
ACC00044,2026-06-25T00:54:54.930923,4990.09,WALLET,MER0036,DEBIT,,,,,
ACC00044,2026-07-22T01:03:08.504408,4824.03,WALLET,MER0035,DEBIT,,,,,
ACC00044,2026-07-04T22:11:15.743161,8909.83,CARD_POS,MER0030,DEBIT,,,,,
ACC00045,2026-07-04T21:15:50.469345,2719.34,WALLET,MER0003,DEBIT,,,,,
ACC00045,2026-07-01T17:39:30.801865,5668.74,CARD_POS,MER0011,DEBIT,,,,,
ACC00045,2026-08-25T00:54:27.233566,6383.15,CARD_POS,MER0030,DEBIT,,,,,
ACC00045,2026-07-20T21:19:52.780463,5727.67,CARD_ECOM,MER0011,DEBIT,,,,,
ACC00046,2026-06-19T20:34:32.955331,479.34,CARD_ECOM,MER0017,DEBIT,,,,,
ACC00046,2026-08-20T10:11:32.604354,3531.48,WALLET,MER0030,DEBIT,,,,,
ACC00046,2026-06-21T15:20:45.645923,5670.34,CARD_ECOM,MER0020,DEBIT,,,,,
ACC00046,2026-06-29T01:52:42.016555,655.97,WALLET,MER0022,DEBIT,,,,,
ACC00046,2026-07-03T16:00:13.493822,4226.19,CARD_ECOM,MER0021,DEBIT,,,,,
ACC00046,2026-07-12T04:45:15.043765,7844.48,CARD_POS,MER0032,DEBIT,,,,,
ACC00047,2026-06-29T06:35:38.886615,4516.16,UPI_ECOM,MER0006,DEBIT,,,,,
ACC00047,2026-08-13T21:57:51.542358,5492.38,WALLET,MER0033,DEBIT,,,,,
ACC00047,2026-06-02T08:28:21.915312,7240.18,UPI_ECOM,MER0001,DEBIT,,,,,
ACC00047,2026-06-20T03:27:03.677992,4429.66,UPI_ECOM,MER0008,DEBIT,,,,,
ACC00047,2026-07-06T22:00:39.237091,7148.7,CARD_ECOM,MER0001,DEBIT,,,,,
ACC00047,2026-08-01T13:47:29.106274,824.95,CARD_POS,MER0030,DEBIT,,,,,
ACC00047,2026-07-18T21:18:53.490862,1831.44,CARD_ECOM,MER0007,DEBIT,,,,,
ACC00047,2026-07-04T14:28:48.051188,8751.73,CARD_POS,MER0030,DEBIT,,,,,
ACC00048,2026-08-16T16:00:35.445485,5366.04,CARD_POS,MER0002,DEBIT,,,,,
ACC00048,2026-06-11T18:25:04.803708,1042.53,CARD_ECOM,MER0003,DEBIT,,,,,
ACC00048,2026-06-17T15:47:41.746355,4114.43,WALLET,MER0014,DEBIT,,,,,
ACC00049,2026-07-15T23:44:50.318737,1032.18,WALLET,MER0014,DEBIT,,,,,
ACC00049,2026-07-25T21:06:56.211954,4401.48,UPI_ECOM,MER0007,DEBIT,,,,,
ACC00049,2026-08-24T18:14:42.564809,6610.47,UPI_ECOM,MER0017,DEBIT,,,,,
ACC00050,2026-07-10T11:50:54.468063,2584.34,WALLET,MER0009,DEBIT,,,,,
ACC00050,2026-06-13T01:17:34.587665,7235.8,CARD_ECOM,MER0027,DEBIT,,,,,
ACC00050,2026-08-03T03:02:09.248505,2667.66,CARD_POS,MER0035,DEBIT,,,,,
ACC00051,2026-08-16T02:10:26.957522,8613.0,CARD_ECOM,MER0037,DEBIT,,,,,
ACC00051,2026-08-19T00:47:22.240745,5377.99,CARD_POS,MER0018,DEBIT,,,,,
ACC00051,2026-06-10T12:10:53.968640,2160.84,CARD_ECOM,MER0013,DEBIT,,,,,
ACC00052,2026-06-24T10:32:02.634600,780.39,CARD_POS,MER0022,DEBIT,,,,,
ACC00052,2026-08-03T23:14:57.878816,5477.48,WALLET,MER0022,DEBIT,,,,,
ACC00052,2026-06-22T20:56:18.322531,7434.61,UPI_ECOM,MER0038,DEBIT,,,,,
ACC00052,2026-08-07T15:22:39.591859,999.39,UPI_ECOM,MER0003,DEBIT,,,,,
ACC00052,2026-07-12T21:48:16.968851,4029.23,CARD_ECOM,MER0004,DEBIT,,,,,
ACC00052,2026-08-14T09:10:48.979111,5317.95,CARD_ECOM,MER0020,DEBIT,,,,,
ACC00052,2026-06-08T12:15:29.882217,1899.22,CARD_POS,MER0022,DEBIT,,,,,
ACC00052,2026-07-13T00:29:26.302325,5317.38,UPI_ECOM,MER0004,DEBIT,,,,,
ACC00053,2026-08-07T12:55:55.285098,7765.05,UPI_ECOM,MER0022,DEBIT,,,,,
ACC00053,2026-08-28T08:31:46.913859,6232.58,CARD_ECOM,MER0002,DEBIT,,,,,
ACC00053,2026-08-01T10:11:34.547708,1654.87,CARD_ECOM,MER0027,DEBIT,,,,,
ACC00053,2026-08-26T19:29:42.241600,8634.01,UPI_ECOM,MER0039,DEBIT,,,,,
ACC00053,2026-08-13T11:37:59.356735,2571.19,UPI_ECOM,MER0039,DEBIT,,,,,
ACC00053,2026-07-04T04:03:39.849314,3924.88,CARD_POS,MER0030,DEBIT,,,,,
ACC00053,2026-08-04T03:23:33.761682,3361.22,CARD_POS,MER0030,DEBIT,,,,,
ACC00053,2026-08-20T17:19:50.006625,5527.72,CARD_ECOM,MER0012,DEBIT,,,,,
ACC00053,2026-08-14T03:42:42.703605,7845.4,CARD_ECOM,MER0033,DEBIT,,,,,
ACC00053,2026-07-05T21:04:10.019799,6379.93,CARD_ECOM,MER0001,DEBIT,,,,,
ACC00053,2026-06-22T17:45:13.523517,554.29,CARD_ECOM,MER0032,DEBIT,,,,,
ACC00054,2026-08-17T13:47:07.804739,1086.74,WALLET,MER0015,DEBIT,,,,,
ACC00054,2026-08-24T19:57:39.701738,2810.14,UPI_ECOM,MER0005,DEBIT,,,,,
ACC00054,2026-07-24T03:00:01.429331,1647.35,UPI_ECOM,MER0002,DEBIT,,,,,
ACC00054,2026-07-01T10:05:03.149564,1224.36,CARD_ECOM,MER0032,DEBIT,,,,,
ACC00054,2026-06-26T15:39:00.981920,3698.27,CARD_POS,MER0035,DEBIT,,,,,
ACC00054,2026-08-04T09:25:38.767360,6685.71,WALLET,MER0009,DEBIT,,,,,
ACC00054,2026-06-10T15:13:04.384610,5373.03,CARD_POS,MER0019,DEBIT,,,,,
ACC00054,2026-08-24T11:46:06.071341,1049.79,UPI_ECOM,MER0001,DEBIT,,,,,
ACC00054,2026-07-26T10:49:36.531354,1538.49,WALLET,MER0038,DEBIT,,,,,
ACC00055,2026-08-31T16:38:40.449575,3658.6,CARD_POS,MER0038,DEBIT,,,,,
ACC00055,2026-07-23T17:57:32.125133,4869.74,CARD_POS,MER0036,DEBIT,,,,,
ACC00055,2026-08-18T00:54:16.166492,3150.73,WALLET,MER0004,DEBIT,,,,,
ACC00055,2026-06-15T12:42:37.419021,8602.25,CARD_POS,MER0022,DEBIT,,,,,
ACC00055,2026-06-09T11:13:02.214036,8869.09,UPI_ECOM,MER0011,DEBIT,,,,,
ACC00055,2026-06-25T10:04:32.657395,8495.12,WALLET,MER0002,DEBIT,,,,,
ACC00055,2026-08-26T19:43:33.270544,7112.0,CARD_ECOM,MER0005,DEBIT,,,,,
ACC00055,2026-06-03T19:41:41.988700,2279.95,WALLET,MER0025,DEBIT,,,,,
ACC00055,2026-07-24T09:08:33.846715,5308.09,WALLET,MER0003,DEBIT,,,,,
ACC00056,2026-08-31T10:52:26.829546,7988.31,CARD_POS,MER0004,DEBIT,,,,,
ACC00056,2026-07-30T18:37:14.658626,1219.5,CARD_ECOM,MER0020,DEBIT,,,,,
ACC00056,2026-07-15T19:09:38.041572,7169.77,UPI_ECOM,MER0001,DEBIT,,,,,
ACC00056,2026-07-14T08:36:36.618272,1343.58,CARD_POS,MER0032,DEBIT,,,,,
ACC00056,2026-06-08T09:41:56.422801,4024.04,UPI_ECOM,MER0000,DEBIT,,,,,
ACC00056,2026-07-06T11:13:59.029204,8150.95,CARD_ECOM,MER0009,DEBIT,,,,,
ACC00056,2026-08-28T09:20:59.185915,1826.91,CARD_ECOM,MER0031,DEBIT,,,,,
ACC00056,2026-07-31T10:23:23.271334,4637.37,CARD_ECOM,MER0018,DEBIT,,,,,
ACC00056,2026-07-25T14:31:44.740117,644.09,UPI_ECOM,MER0026,DEBIT,,,,,
ACC00056,2026-08-10T07:30:16.530843,1833.54,CARD_POS,MER0000,DEBIT,,,,,
ACC00057,2026-08-05T21:11:41.883005,1415.41,CARD_POS,MER0002,DEBIT,,,,,
ACC00057,2026-07-22T04:14:38.885114,3727.76,CARD_POS,MER0028,DEBIT,,,,,
ACC00057,2026-08-01T14:43:09.904736,8454.38,UPI_ECOM,MER0037,DEBIT,,,,,
ACC00057,2026-08-28T13:47:35.021357,2555.98,CARD_POS,MER0005,DEBIT,,,,,
ACC00057,2026-06-09T11:57:05.799434,7974.31,CARD_ECOM,MER0000,DEBIT,,,,,
ACC00057,2026-06-24T21:44:17.604157,304.02,CARD_POS,MER0019,DEBIT,,,,,
ACC00057,2026-06-05T21:24:26.560493,8436.8,CARD_ECOM,MER0008,DEBIT,,,,,
ACC00057,2026-07-07T20:13:33.174897,5982.7,CARD_ECOM,MER0024,DEBIT,,,,,
ACC00058,2026-06-18T15:30:48.243373,1021.07,UPI_ECOM,MER0039,DEBIT,,,,,
ACC00058,2026-07-05T21:01:19.458994,5123.87,CARD_ECOM,MER0012,DEBIT,,,,,
ACC00058,2026-06-24T17:34:56.578493,4088.86,UPI_ECOM,MER0021,DEBIT,,,,,
ACC00058,2026-07-05T10:21:56.332004,6764.96,UPI_ECOM,MER0029,DEBIT,,,,,
ACC00059,2026-07-10T14:08:09.253663,5196.88,UPI_ECOM,MER0017,DEBIT,,,,,
ACC00059,2026-08-02T15:42:03.315090,8967.49,UPI_ECOM,MER0028,DEBIT,,,,,
ACC00059,2026-06-29T13:28:38.209422,1743.76,CARD_ECOM,MER0009,DEBIT,,,,,
ACC00059,2026-07-31T21:02:08.392821,806.08,CARD_POS,MER0027,DEBIT,,,,,
ACC00059,2026-08-04T14:09:58.477126,926.41,CARD_ECOM,MER0014,DEBIT,,,,,
ACC00059,2026-08-07T17:13:08.143333,3109.72,WALLET,MER0014,DEBIT,,,,,
ACC00059,2026-08-13T16:15:46.340117,5170.45,WALLET,MER0037,DEBIT,,,,,
ACC00060,2026-08-09T03:55:10.697921,8887.9,CARD_POS,MER0030,DEBIT,,,,,
ACC00060,2026-06-21T04:22:04.401745,3916.56,CARD_POS,MER0030,DEBIT,,,,,
ACC00060,2026-08-11T10:27:28.719006,5315.46,CARD_ECOM,MER0036,DEBIT,,,,,
ACC00060,2026-08-19T18:24:42.740416,4168.3,CARD_ECOM,MER0024,DEBIT,,,,,
ACC00060,2026-07-31T16:29:10.756965,4706.23,WALLET,MER0018,DEBIT,,,,,
ACC00060,2026-08-26T08:29:40.371805,8050.93,CARD_ECOM,MER0015,DEBIT,,,,,
ACC00061,2026-07-23T18:43:48.875809,2218.45,CARD_POS,MER0016,DEBIT,,,,,
ACC00061,2026-08-05T12:58:01.269433,2519.86,CARD_ECOM,MER0038,DEBIT,,,,,
ACC00061,2026-08-10T23:39:26.294557,472.05,UPI_ECOM,MER0005,DEBIT,,,,,
ACC00061,2026-06-24T03:09:08.337430,8299.66,UPI_ECOM,MER0015,DEBIT,,,,,
ACC00061,2026-07-13T09:01:01.191321,6003.4,CARD_ECOM,MER0027,DEBIT,,,,,
ACC00061,2026-08-29T05:30:12.075170,8177.31,CARD_ECOM,MER0037,DEBIT,,,,,
ACC00061,2026-08-13T08:42:02.698418,7752.33,WALLET,MER0004,DEBIT,,,,,
ACC00062,2026-07-25T14:33:37.894934,8731.61,WALLET,MER0038,DEBIT,,,,,
ACC00062,2026-07-15T17:07:27.502436,2423.8,WALLET,MER0004,DEBIT,,,,,
ACC00062,2026-07-01T13:02:13.389373,1874.69,CARD_ECOM,MER0009,DEBIT,,,,,
ACC00062,2026-08-26T04:53:55.597429,2991.73,CARD_ECOM,MER0035,DEBIT,,,,,
ACC00062,2026-06-10T14:01:48.614271,2201.6,WALLET,MER0016,DEBIT,,,,,
ACC00062,2026-08-13T16:22:02.020821,6081.08,WALLET,MER0012,DEBIT,,,,,
ACC00062,2026-08-23T22:57:00.183518,4368.8,CARD_ECOM,MER0037,DEBIT,,,,,
ACC00062,2026-07-23T23:35:57.162619,4246.86,UPI_ECOM,MER0025,DEBIT,,,,,
ACC00062,2026-06-11T01:37:14.620985,2786.85,WALLET,MER0039,DEBIT,,,,,
ACC00062,2026-06-10T11:01:23.700938,7549.91,WALLET,MER0035,DEBIT,,,,,
ACC00063,2026-06-25T10:02:08.447578,6218.78,WALLET,MER0003,DEBIT,,,,,
ACC00063,2026-07-05T20:12:00.901172,5843.44,CARD_POS,MER0034,DEBIT,,,,,
ACC00063,2026-06-22T05:04:27.591069,8808.91,WALLET,MER0027,DEBIT,,,,,
ACC00063,2026-08-08T09:40:17.112713,3603.1,WALLET,MER0027,DEBIT,,,,,
ACC00063,2026-07-06T15:00:56.949780,2492.82,WALLET,MER0039,DEBIT,,,,,
ACC00063,2026-06-26T07:14:42.307706,5937.15,UPI_ECOM,MER0032,DEBIT,,,,,
ACC00063,2026-07-08T23:05:15.695896,5029.64,WALLET,MER0031,DEBIT,,,,,
ACC00063,2026-06-14T21:25:36.735573,4683.96,UPI_ECOM,MER0018,DEBIT,,,,,
ACC00063,2026-06-09T21:18:17.788154,4267.59,CARD_POS,MER0006,DEBIT,,,,,
ACC00063,2026-06-19T09:19:09.714978,2202.22,UPI_ECOM,MER0022,DEBIT,,,,,
ACC00063,2026-06-25T07:50:32.950504,6163.34,WALLET,MER0012,DEBIT,,,,,
ACC00063,2026-08-09T01:15:15.382864,5185.03,CARD_ECOM,MER0005,DEBIT,,,,,
ACC00064,2026-06-19T13:32:30.507191,4394.65,CARD_POS,MER0010,DEBIT,,,,,
ACC00064,2026-08-23T12:34:03.906606,2701.55,CARD_POS,MER0031,DEBIT,,,,,
ACC00064,2026-08-23T13:56:00.944820,8124.03,CARD_ECOM,MER0002,DEBIT,,,,,
ACC00064,2026-08-14T02:50:30.485965,7878.07,UPI_ECOM,MER0000,DEBIT,,,,,
ACC00064,2026-08-13T07:54:14.502190,1525.67,CARD_ECOM,MER0000,DEBIT,,,,,
ACC00064,2026-07-26T15:53:03.231326,8719.61,CARD_POS,MER0032,DEBIT,,,,,
ACC00065,2026-07-30T05:12:22.610269,7381.21,WALLET,MER0019,DEBIT,,,,,
ACC00065,2026-08-29T08:17:02.468097,5320.83,CARD_ECOM,MER0012,DEBIT,,,,,
ACC00065,2026-07-27T20:33:02.199402,2871.42,UPI_ECOM,MER0014,DEBIT,,,,,
ACC00065,2026-08-21T01:15:57.928510,1676.52,WALLET,MER0017,DEBIT,,,,,
ACC00065,2026-06-11T18:23:24.817455,7258.85,UPI_ECOM,MER0004,DEBIT,,,,,
ACC00065,2026-08-22T20:08:52.394643,7256.49,WALLET,MER0010,DEBIT,,,,,
ACC00065,2026-06-23T10:08:29.736505,3714.03,CARD_ECOM,MER0030,DEBIT,,,,,
ACC00065,2026-08-22T02:28:28.228735,5598.93,CARD_POS,MER0031,DEBIT,,,,,
ACC00065,2026-06-25T04:36:20.989858,8367.05,CARD_POS,MER0038,DEBIT,,,,,
ACC00065,2026-06-07T20:39:56.367286,4757.3,CARD_ECOM,MER0021,DEBIT,,,,,
ACC00066,2026-06-28T08:05:16.210554,4574.71,CARD_POS,MER0003,DEBIT,,,,,
ACC00066,2026-07-27T13:38:19.038347,467.63,UPI_ECOM,MER0024,DEBIT,,,,,
ACC00066,2026-07-17T15:17:35.355016,5270.82,UPI_ECOM,MER0039,DEBIT,,,,,
ACC00066,2026-06-08T01:28:01.161303,3107.87,CARD_ECOM,MER0029,DEBIT,,,,,
ACC00067,2026-08-12T08:46:50.075320,6494.71,UPI_ECOM,MER0006,DEBIT,,,,,
ACC00067,2026-06-03T22:57:15.868413,1010.21,CARD_POS,MER0014,DEBIT,,,,,
ACC00067,2026-08-16T03:56:26.634298,2401.28,CARD_POS,MER0007,DEBIT,,,,,
ACC00067,2026-07-17T12:53:33.853016,391.96,UPI_ECOM,MER0031,DEBIT,,,,,
ACC00067,2026-07-09T08:15:56.667105,5569.97,CARD_POS,MER0003,DEBIT,,,,,
ACC00067,2026-07-16T06:39:48.985618,2420.62,UPI_ECOM,MER0010,DEBIT,,,,,
ACC00067,2026-07-26T17:50:38.648366,8189.42,WALLET,MER0022,DEBIT,,,,,
ACC00067,2026-07-29T05:20:56.681610,3587.29,WALLET,MER0015,DEBIT,,,,,
ACC00067,2026-07-25T23:26:05.207454,6535.29,UPI_ECOM,MER0035,DEBIT,,,,,
ACC00067,2026-06-14T05:26:30.057958,664.07,UPI_ECOM,MER0037,DEBIT,,,,,
ACC00067,2026-06-27T17:54:41.339968,3995.71,CARD_POS,MER0015,DEBIT,,,,,
ACC00068,2026-07-24T20:28:21.978214,2126.44,CARD_POS,MER0024,DEBIT,,,,,
ACC00068,2026-07-13T04:42:14.345953,1592.34,CARD_POS,MER0003,DEBIT,,,,,
ACC00068,2026-08-30T21:25:40.919394,8433.09,WALLET,MER0009,DEBIT,,,,,
ACC00068,2026-07-20T19:52:59.136351,4856.78,CARD_ECOM,MER0014,DEBIT,,,,,
ACC00068,2026-08-21T10:13:02.374902,1892.68,UPI_ECOM,MER0034,DEBIT,,,,,
ACC00069,2026-06-11T21:56:37.726844,8298.37,CARD_ECOM,MER0002,DEBIT,,,,,
ACC00069,2026-06-23T02:29:52.457436,5698.7,CARD_POS,MER0038,DEBIT,,,,,
ACC00069,2026-08-08T02:52:53.085285,6170.64,UPI_ECOM,MER0021,DEBIT,,,,,
ACC00069,2026-08-17T07:37:37.119483,8700.89,CARD_ECOM,MER0009,DEBIT,,,,,
ACC00069,2026-07-16T00:20:50.133605,6724.26,CARD_ECOM,MER0037,DEBIT,,,,,
ACC00069,2026-07-02T04:03:37.902688,3632.91,WALLET,MER0029,DEBIT,,,,,
ACC00069,2026-07-03T04:48:37.416621,8852.16,WALLET,MER0020,DEBIT,,,,,
ACC00069,2026-06-15T08:41:38.859651,6427.49,WALLET,MER0019,DEBIT,,,,,
ACC00069,2026-07-25T07:38:36.815087,8845.09,CARD_POS,MER0029,DEBIT,,,,,
ACC00070,2026-08-16T16:31:24.358901,7819.24,CARD_POS,MER0011,DEBIT,,,,,
ACC00070,2026-07-24T12:30:51.829684,3142.47,UPI_ECOM,MER0020,DEBIT,,,,,
ACC00070,2026-06-20T19:22:40.676700,726.54,CARD_POS,MER0022,DEBIT,,,,,
ACC00070,2026-08-08T14:24:51.736940,7382.99,CARD_ECOM,MER0020,DEBIT,,,,,
ACC00070,2026-08-30T16:44:06.818897,6927.11,WALLET,MER0029,DEBIT,,,,,
ACC00070,2026-08-11T02:36:56.095234,5330.71,CARD_ECOM,MER0036,DEBIT,,,,,
ACC00070,2026-08-23T07:50:42.706031,5509.01,UPI_ECOM,MER0032,DEBIT,,,,,
ACC00070,2026-06-12T08:30:02.735803,6133.1,CARD_POS,MER0034,DEBIT,,,,,
ACC00070,2026-07-01T14:52:10.299251,8432.72,CARD_ECOM,MER0022,DEBIT,,,,,
ACC00070,2026-08-19T18:03:28.040952,1403.47,CARD_POS,MER0013,DEBIT,,,,,
ACC00070,2026-08-31T08:49:05.138791,3467.1,CARD_ECOM,MER0027,DEBIT,,,,,
ACC00071,2026-06-10T19:43:49.370140,7564.23,CARD_POS,MER0008,DEBIT,,,,,
ACC00071,2026-06-12T18:38:28.159178,3396.06,CARD_POS,MER0022,DEBIT,,,,,
ACC00071,2026-08-07T04:23:42.610488,8749.52,CARD_POS,MER0012,DEBIT,,,,,
ACC00071,2026-07-10T12:28:38.497321,8181.32,WALLET,MER0007,DEBIT,,,,,
ACC00071,2026-08-18T04:53:30.339556,4246.57,CARD_ECOM,MER0009,DEBIT,,,,,
ACC00071,2026-08-02T18:30:20.917211,1181.21,CARD_ECOM,MER0027,DEBIT,,,,,
ACC00072,2026-08-02T20:16:16.360679,5657.52,WALLET,MER0038,DEBIT,,,,,
ACC00072,2026-08-27T22:11:41.046306,672.7,CARD_ECOM,MER0005,DEBIT,,,,,
ACC00072,2026-06-03T12:06:05.074737,2708.93,WALLET,MER0029,DEBIT,,,,,
ACC00072,2026-06-10T22:38:11.130413,1213.0,UPI_ECOM,MER0022,DEBIT,,,,,
ACC00072,2026-08-07T21:45:38.937413,5453.38,CARD_POS,MER0025,DEBIT,,,,,
ACC00073,2026-07-29T10:20:00.894562,4528.29,WALLET,MER0038,DEBIT,,,,,
ACC00073,2026-08-26T22:32:12.182966,8826.0,UPI_ECOM,MER0033,DEBIT,,,,,
ACC00073,2026-07-17T16:34:16.494612,757.03,UPI_ECOM,MER0007,DEBIT,,,,,
ACC00073,2026-08-30T01:07:23.784186,5637.04,CARD_POS,MER0010,DEBIT,,,,,
ACC00073,2026-08-16T00:10:40.930516,2845.28,WALLET,MER0003,DEBIT,,,,,
ACC00073,2026-08-17T16:35:22.979874,8536.95,CARD_ECOM,MER0000,DEBIT,,,,,
ACC00073,2026-07-21T10:58:23.814770,5718.66,UPI_ECOM,MER0028,DEBIT,,,,,
ACC00073,2026-06-30T14:22:41.785121,4384.39,CARD_POS,MER0025,DEBIT,,,,,
ACC00073,2026-07-12T09:29:09.019376,8762.27,CARD_POS,MER0029,DEBIT,,,,,
ACC00073,2026-08-05T15:08:46.790802,8342.89,CARD_ECOM,MER0028,DEBIT,,,,,
ACC00074,2026-07-04T19:58:35.440076,369.17,CARD_POS,MER0024,DEBIT,,,,,
ACC00074,2026-07-16T13:26:22.929998,2342.75,UPI_ECOM,MER0037,DEBIT,,,,,
ACC00074,2026-07-03T09:31:57.753001,8953.7,WALLET,MER0031,DEBIT,,,,,
ACC00074,2026-07-11T09:43:43.396788,4830.15,CARD_ECOM,MER0002,DEBIT,,,,,
ACC00074,2026-06-19T02:58:12.701695,4287.1,UPI_ECOM,MER0028,DEBIT,,,,,
ACC00074,2026-08-02T14:04:48.594318,5343.13,UPI_ECOM,MER0028,DEBIT,,,,,
ACC00075,2026-08-17T19:14:38.019183,4510.73,CARD_ECOM,MER0002,DEBIT,,,,,
ACC00075,2026-06-06T09:15:51.436467,5298.64,WALLET,MER0018,DEBIT,,,,,
ACC00075,2026-08-09T14:21:58.172844,6634.3,UPI_ECOM,MER0037,DEBIT,,,,,
ACC00075,2026-06-11T20:29:45.100286,7494.37,UPI_ECOM,MER0016,DEBIT,,,,,
ACC00075,2026-07-08T05:27:09.457554,966.55,CARD_POS,MER0038,DEBIT,,,,,
ACC00075,2026-08-13T23:46:40.969294,1203.66,CARD_ECOM,MER0009,DEBIT,,,,,
ACC00075,2026-07-05T10:00:45.032301,3879.1,WALLET,MER0029,DEBIT,,,,,
ACC00076,2026-07-08T09:01:07.631278,5719.24,UPI_ECOM,MER0018,DEBIT,,,,,
ACC00076,2026-07-01T06:24:29.456189,3392.94,WALLET,MER0035,DEBIT,,,,,
ACC00076,2026-06-08T23:23:33.498551,3956.04,WALLET,MER0018,DEBIT,,,,,
ACC00076,2026-08-30T12:26:01.191167,6999.1,CARD_POS,MER0009,DEBIT,,,,,
ACC00076,2026-07-05T11:14:51.018074,1173.09,CARD_ECOM,MER0003,DEBIT,,,,,
ACC00076,2026-07-17T13:54:06.952434,1884.21,CARD_POS,MER0000,DEBIT,,,,,
ACC00076,2026-07-15T22:36:42.806770,7841.43,WALLET,MER0023,DEBIT,,,,,
ACC00076,2026-08-18T19:16:19.305189,7849.69,WALLET,MER0018,DEBIT,,,,,
ACC00077,2026-06-24T16:08:06.035410,7824.49,WALLET,MER0031,DEBIT,,,,,
ACC00077,2026-06-12T13:09:46.846376,5384.17,WALLET,MER0009,DEBIT,,,,,
ACC00077,2026-07-22T11:54:06.598399,6965.17,WALLET,MER0023,DEBIT,,,,,
ACC00077,2026-08-09T11:21:48.402970,3637.11,WALLET,MER0020,DEBIT,,,,,
ACC00077,2026-07-09T19:08:39.684776,5652.13,CARD_POS,MER0020,DEBIT,,,,,
ACC00077,2026-06-27T10:29:37.198528,3080.3,CARD_ECOM,MER0031,DEBIT,,,,,
ACC00077,2026-07-02T01:21:14.264802,1317.07,CARD_ECOM,MER0015,DEBIT,,,,,
ACC00077,2026-08-11T08:24:39.005226,969.42,CARD_POS,MER0038,DEBIT,,,,,
ACC00077,2026-06-16T14:53:23.771171,7843.54,UPI_ECOM,MER0032,DEBIT,,,,,
ACC00077,2026-07-30T06:54:55.322529,1008.52,WALLET,MER0029,DEBIT,,,,,
ACC00077,2026-07-22T02:22:54.184458,1940.63,CARD_ECOM,MER0033,DEBIT,,,,,
ACC00078,2026-06-23T03:33:41.397957,7300.43,UPI_ECOM,MER0020,DEBIT,,,,,
ACC00078,2026-06-14T16:10:08.988662,1589.07,CARD_ECOM,MER0030,DEBIT,,,,,
ACC00078,2026-06-21T09:36:16.467418,3756.95,UPI_ECOM,MER0036,DEBIT,,,,,
ACC00078,2026-06-30T11:43:52.429335,1303.01,WALLET,MER0016,DEBIT,,,,,
ACC00078,2026-07-26T23:48:33.985700,7944.24,WALLET,MER0039,DEBIT,,,,,
ACC00078,2026-08-12T10:55:07.092220,6694.79,UPI_ECOM,MER0031,DEBIT,,,,,
ACC00078,2026-06-29T03:59:51.870142,784.16,WALLET,MER0037,DEBIT,,,,,
ACC00078,2026-06-21T22:16:23.446991,7977.6,UPI_ECOM,MER0034,DEBIT,,,,,
ACC00078,2026-06-17T06:22:12.166709,5521.23,WALLET,MER0003,DEBIT,,,,,
ACC00078,2026-06-17T23:47:52.820803,4867.93,WALLET,MER0036,DEBIT,,,,,
ACC00078,2026-06-30T03:29:47.633947,529.66,CARD_ECOM,MER0024,DEBIT,,,,,
ACC00078,2026-06-15T23:55:15.172265,4431.22,CARD_ECOM,MER0004,DEBIT,,,,,
ACC00079,2026-07-23T04:10:32.755143,5326.67,WALLET,MER0012,DEBIT,,,,,
ACC00079,2026-07-13T06:21:26.261085,8504.74,CARD_ECOM,MER0005,DEBIT,,,,,
ACC00079,2026-08-27T21:01:04.916573,5870.48,UPI_ECOM,MER0036,DEBIT,,,,,
ACC00080,2026-08-10T01:39:07.327782,7179.92,CARD_ECOM,MER0001,DEBIT,,,,,
ACC00080,2026-06-16T18:14:24.397312,1874.8,UPI_ECOM,MER0036,DEBIT,,,,,
ACC00080,2026-07-13T06:18:20.996748,4481.04,CARD_ECOM,MER0037,DEBIT,,,,,
ACC00080,2026-07-29T16:03:43.800355,8869.93,UPI_ECOM,MER0009,DEBIT,,,,,
ACC00080,2026-08-20T23:12:48.285225,5226.7,CARD_ECOM,MER0009,DEBIT,,,,,
ACC00080,2026-06-18T05:31:58.517766,4270.19,CARD_ECOM,MER0032,DEBIT,,,,,
ACC00080,2026-08-14T09:05:08.857925,6738.75,CARD_POS,MER0034,DEBIT,,,,,
ACC00080,2026-08-14T10:46:58.935177,2156.89,CARD_ECOM,MER0028,DEBIT,,,,,
ACC00080,2026-08-20T14:26:47.629628,5119.3,CARD_ECOM,MER0036,DEBIT,,,,,
ACC00081,2026-08-05T08:36:15.816308,2742.63,UPI_ECOM,MER0021,DEBIT,,,,,
ACC00081,2026-08-21T18:34:08.112244,1358.03,CARD_ECOM,MER0000,DEBIT,,,,,
ACC00081,2026-08-22T09:57:14.598663,1383.53,CARD_ECOM,MER0001,DEBIT,,,,,
ACC00081,2026-07-10T00:10:18.585292,8085.6,UPI_ECOM,MER0018,DEBIT,,,,,
ACC00081,2026-07-16T23:31:28.450381,3167.77,CARD_POS,MER0010,DEBIT,,,,,
ACC00081,2026-07-12T16:04:12.124891,1628.9,WALLET,MER0016,DEBIT,,,,,
ACC00081,2026-08-24T00:26:10.357089,1863.91,UPI_ECOM,MER0032,DEBIT,,,,,
ACC00081,2026-08-03T06:05:42.822143,6739.16,UPI_ECOM,MER0019,DEBIT,,,,,
ACC00081,2026-06-11T02:45:22.329934,4587.82,WALLET,MER0039,DEBIT,,,,,
ACC00081,2026-06-16T01:58:40.530234,3675.68,UPI_ECOM,MER0038,DEBIT,,,,,
ACC00081,2026-07-01T02:17:37.289781,4083.85,WALLET,MER0004,DEBIT,,,,,
ACC00081,2026-07-28T23:50:00.742340,7523.51,CARD_POS,MER0000,DEBIT,,,,,
ACC00082,2026-06-11T13:56:01.035631,6111.7,WALLET,MER0038,DEBIT,,,,,
ACC00082,2026-08-13T08:43:15.317267,2574.79,CARD_ECOM,MER0038,DEBIT,,,,,
ACC00082,2026-08-08T19:41:52.254406,3427.06,WALLET,MER0017,DEBIT,,,,,
ACC00082,2026-07-12T11:32:39.861752,7051.12,CARD_POS,MER0021,DEBIT,,,,,
ACC00082,2026-08-20T11:53:09.287085,8889.81,WALLET,MER0036,DEBIT,,,,,
ACC00082,2026-07-31T05:03:26.802860,2436.14,CARD_ECOM,MER0032,DEBIT,,,,,
ACC00082,2026-07-26T00:55:14.482112,7868.69,WALLET,MER0036,DEBIT,,,,,
ACC00082,2026-06-15T09:17:54.194008,2503.92,WALLET,MER0019,DEBIT,,,,,
ACC00083,2026-06-09T02:03:00.023811,3802.53,CARD_POS,MER0024,DEBIT,,,,,
ACC00083,2026-07-08T16:50:44.177711,3393.96,WALLET,MER0022,DEBIT,,,,,
ACC00083,2026-07-07T02:27:31.284600,3916.48,UPI_ECOM,MER0037,DEBIT,,,,,
ACC00083,2026-08-26T19:04:30.169907,3894.02,CARD_POS,MER0013,DEBIT,,,,,
ACC00083,2026-07-02T04:36:08.368972,335.58,WALLET,MER0031,DEBIT,,,,,
ACC00083,2026-07-24T06:09:52.372993,1207.39,CARD_POS,MER0029,DEBIT,,,,,
ACC00083,2026-06-21T19:28:52.586555,1334.89,CARD_POS,MER0006,DEBIT,,,,,
ACC00083,2026-06-18T17:31:58.349547,1336.62,CARD_ECOM,MER0018,DEBIT,,,,,
ACC00083,2026-07-08T22:55:45.894915,4205.82,WALLET,MER0030,DEBIT,,,,,
ACC00083,2026-07-30T02:03:59.670512,4311.95,CARD_ECOM,MER0019,DEBIT,,,,,
ACC00084,2026-06-04T18:02:51.890801,8374.11,WALLET,MER0002,DEBIT,,,,,
ACC00084,2026-08-25T13:52:33.211260,5762.44,CARD_ECOM,MER0023,DEBIT,,,,,
ACC00084,2026-08-04T02:16:39.432273,839.9,CARD_ECOM,MER0028,DEBIT,,,,,
ACC00084,2026-08-26T22:59:59.732780,7238.33,CARD_ECOM,MER0036,DEBIT,,,,,
ACC00084,2026-06-21T05:38:08.189241,7996.3,WALLET,MER0023,DEBIT,,,,,
ACC00084,2026-07-08T03:09:03.466413,6822.78,WALLET,MER0001,DEBIT,,,,,
ACC00084,2026-06-24T04:09:48.134498,2873.18,CARD_ECOM,MER0002,DEBIT,,,,,
ACC00084,2026-07-01T15:08:22.991920,5753.81,CARD_POS,MER0036,DEBIT,,,,,
ACC00084,2026-06-23T18:00:13.832267,1420.94,CARD_POS,MER0025,DEBIT,,,,,
ACC00084,2026-08-03T09:57:41.872622,4124.58,CARD_ECOM,MER0017,DEBIT,,,,,
ACC00084,2026-06-23T08:51:27.204587,3472.05,WALLET,MER0005,DEBIT,,,,,
ACC00084,2026-06-08T00:10:57.187879,4602.25,CARD_ECOM,MER0032,DEBIT,,,,,
ACC00085,2026-06-04T20:09:46.491521,4458.17,WALLET,MER0037,DEBIT,,,,,
ACC00085,2026-06-28T22:38:15.873423,3509.41,WALLET,MER0038,DEBIT,,,,,
ACC00085,2026-08-27T18:59:02.135332,6530.13,CARD_POS,MER0025,DEBIT,,,,,
ACC00086,2026-07-29T05:22:18.640865,7598.41,CARD_ECOM,MER0039,DEBIT,,,,,
ACC00086,2026-07-07T00:42:35.507366,2067.8,CARD_ECOM,MER0023,DEBIT,,,,,
ACC00086,2026-07-20T02:54:46.596520,8221.82,CARD_POS,MER0021,DEBIT,,,,,
ACC00086,2026-08-13T20:39:03.362805,8010.69,CARD_POS,MER0024,DEBIT,,,,,
ACC00086,2026-07-13T08:24:19.343632,6859.98,CARD_ECOM,MER0025,DEBIT,,,,,
ACC00086,2026-08-03T03:06:45.092126,8434.25,CARD_ECOM,MER0005,DEBIT,,,,,
ACC00086,2026-06-26T04:32:51.595833,7026.04,CARD_POS,MER0024,DEBIT,,,,,
ACC00086,2026-08-03T05:57:45.335001,2310.54,UPI_ECOM,MER0034,DEBIT,,,,,
ACC00086,2026-06-11T05:39:01.924294,4232.76,CARD_ECOM,MER0018,DEBIT,,,,,
ACC00086,2026-06-06T11:23:42.624621,6143.46,CARD_POS,MER0002,DEBIT,,,,,
ACC00087,2026-07-19T15:56:59.512113,1339.62,UPI_ECOM,MER0023,DEBIT,,,,,
ACC00087,2026-06-29T10:14:31.471766,5193.44,WALLET,MER0023,DEBIT,,,,,
ACC00087,2026-07-06T20:38:31.814095,2129.02,CARD_POS,MER0012,DEBIT,,,,,
ACC00087,2026-07-26T10:05:08.662438,320.51,CARD_POS,MER0006,DEBIT,,,,,
ACC00087,2026-06-26T00:11:10.539905,4199.25,UPI_ECOM,MER0008,DEBIT,,,,,
ACC00087,2026-08-28T07:04:05.106891,4321.71,CARD_POS,MER0035,DEBIT,,,,,
ACC00087,2026-07-16T15:07:28.462867,5950.29,WALLET,MER0028,DEBIT,,,,,
ACC00087,2026-06-29T16:36:09.141695,4979.95,UPI_ECOM,MER0020,DEBIT,,,,,
ACC00087,2026-07-20T13:56:32.040291,7242.53,WALLET,MER0009,DEBIT,,,,,
ACC00087,2026-08-17T14:49:06.157561,1826.79,UPI_ECOM,MER0004,DEBIT,,,,,
ACC00088,2026-08-28T03:01:20.649151,3011.69,CARD_POS,MER0024,DEBIT,,,,,
ACC00088,2026-07-17T18:09:46.234195,2311.54,UPI_ECOM,MER0034,DEBIT,,,,,
ACC00088,2026-07-10T00:43:31.179705,4409.84,UPI_ECOM,MER0029,DEBIT,,,,,
ACC00088,2026-07-05T17:07:44.843777,2678.72,CARD_ECOM,MER0027,DEBIT,,,,,
ACC00088,2026-08-09T13:17:34.629155,5849.66,UPI_ECOM,MER0007,DEBIT,,,,,
ACC00089,2026-08-21T11:30:39.625231,4852.71,UPI_ECOM,MER0033,DEBIT,,,,,
ACC00089,2026-06-30T17:32:47.972671,3747.79,UPI_ECOM,MER0010,DEBIT,,,,,
ACC00089,2026-07-13T00:58:19.606745,3923.86,CARD_POS,MER0024,DEBIT,,,,,
ACC00089,2026-08-07T13:35:58.481731,853.26,WALLET,MER0013,DEBIT,,,,,
ACC00089,2026-07-03T07:42:37.514251,5031.88,UPI_ECOM,MER0032,DEBIT,,,,,
ACC00089,2026-06-05T01:31:15.468706,8433.66,CARD_ECOM,MER0010,DEBIT,,,,,
ACC00089,2026-08-14T11:24:52.553310,4989.6,UPI_ECOM,MER0025,DEBIT,,,,,
ACC00089,2026-07-06T16:08:20.513331,5368.26,WALLET,MER0029,DEBIT,,,,,
ACC00089,2026-08-08T19:18:40.958132,6406.38,CARD_ECOM,MER0012,DEBIT,,,,,
ACC00089,2026-08-01T00:48:06.616234,8113.41,UPI_ECOM,MER0019,DEBIT,,,,,
ACC00089,2026-08-27T12:39:17.890716,3312.4,CARD_ECOM,MER0004,DEBIT,,,,,
ACC00089,2026-07-07T10:51:14.114742,1414.43,CARD_ECOM,MER0023,DEBIT,,,,,
ACC00090,2026-07-29T04:16:39.269295,4795.37,UPI_ECOM,MER0024,DEBIT,,,,,
ACC00090,2026-08-02T07:24:12.872333,4062.67,WALLET,MER0023,DEBIT,,,,,
ACC00090,2026-07-03T22:12:04.108385,490.16,CARD_POS,MER0028,DEBIT,,,,,
ACC00090,2026-06-29T17:42:36.065499,8404.71,UPI_ECOM,MER0011,DEBIT,,,,,
ACC00090,2026-08-26T12:03:15.863302,4309.37,UPI_ECOM,MER0014,DEBIT,,,,,
ACC00090,2026-07-06T08:15:49.272921,1065.64,CARD_POS,MER0029,DEBIT,,,,,
ACC00091,2026-08-21T00:35:36.677496,3964.58,CARD_POS,MER0034,DEBIT,,,,,
ACC00091,2026-07-01T05:26:11.583666,8051.92,CARD_ECOM,MER0021,DEBIT,,,,,
ACC00091,2026-06-20T20:16:58.390410,4573.05,CARD_POS,MER0037,DEBIT,,,,,
ACC00092,2026-08-29T12:30:23.253351,951.68,CARD_ECOM,MER0017,DEBIT,,,,,
ACC00092,2026-07-29T02:49:35.467672,421.97,WALLET,MER0024,DEBIT,,,,,
ACC00092,2026-06-10T11:45:59.036721,6583.85,WALLET,MER0030,DEBIT,,,,,
ACC00092,2026-06-05T00:07:37.243672,6413.01,CARD_ECOM,MER0018,DEBIT,,,,,
ACC00092,2026-06-12T16:52:49.009445,4544.93,WALLET,MER0038,DEBIT,,,,,
ACC00092,2026-07-02T21:55:08.944425,991.56,UPI_ECOM,MER0013,DEBIT,,,,,
ACC00092,2026-07-30T18:44:49.022169,1486.6,UPI_ECOM,MER0027,DEBIT,,,,,
ACC00092,2026-08-19T05:28:00.482291,6450.8,CARD_POS,MER0001,DEBIT,,,,,
ACC00092,2026-07-06T02:45:49.200271,5494.03,UPI_ECOM,MER0023,DEBIT,,,,,
ACC00092,2026-06-29T05:48:03.576511,2443.34,WALLET,MER0010,DEBIT,,,,,
ACC00092,2026-07-23T02:58:42.954660,2972.35,CARD_POS,MER0026,DEBIT,,,,,
ACC00093,2026-07-01T17:43:38.190880,2822.81,WALLET,MER0014,DEBIT,,,,,
ACC00093,2026-08-09T21:34:13.798229,8982.41,UPI_ECOM,MER0005,DEBIT,,,,,
ACC00093,2026-08-01T16:24:33.384479,4805.35,WALLET,MER0017,DEBIT,,,,,
ACC00093,2026-06-21T04:54:06.866745,4153.45,UPI_ECOM,MER0033,DEBIT,,,,,
ACC00093,2026-08-19T23:17:08.430415,4167.87,CARD_ECOM,MER0007,DEBIT,,,,,
ACC00093,2026-06-09T22:51:13.401226,3994.25,WALLET,MER0004,DEBIT,,,,,
ACC00093,2026-08-25T08:37:15.292792,8752.75,CARD_ECOM,MER0027,DEBIT,,,,,
ACC00094,2026-07-02T01:46:16.235211,6998.78,WALLET,MER0006,DEBIT,,,,,
ACC00094,2026-06-28T22:17:40.141561,4777.88,WALLET,MER0000,DEBIT,,,,,
ACC00094,2026-07-25T12:30:18.948674,4834.45,CARD_POS,MER0005,DEBIT,,,,,
ACC00094,2026-07-01T17:19:17.626752,307.89,UPI_ECOM,MER0034,DEBIT,,,,,
ACC00094,2026-06-02T20:00:17.025007,1010.84,CARD_ECOM,MER0023,DEBIT,,,,,
ACC00094,2026-07-25T21:50:07.656711,2742.53,UPI_ECOM,MER0029,DEBIT,,,,,
ACC00094,2026-06-08T15:08:32.300415,5783.9,CARD_ECOM,MER0021,DEBIT,,,,,
ACC00094,2026-07-07T19:19:43.104182,5949.31,WALLET,MER0022,DEBIT,,,,,
ACC00094,2026-06-17T10:13:15.456577,2641.65,CARD_ECOM,MER0035,DEBIT,,,,,
ACC00095,2026-07-17T18:54:37.191238,4131.24,WALLET,MER0011,DEBIT,,,,,
ACC00095,2026-07-26T18:02:35.188737,7816.81,WALLET,MER0004,DEBIT,,,,,
ACC00095,2026-07-16T13:02:42.903817,8477.62,CARD_POS,MER0008,DEBIT,,,,,
ACC00095,2026-07-14T16:30:56.344975,8189.08,CARD_POS,MER0023,DEBIT,,,,,
ACC00095,2026-08-01T22:55:29.184151,678.61,WALLET,MER0004,DEBIT,,,,,
ACC00096,2026-06-29T12:49:35.487533,7266.51,CARD_POS,MER0030,DEBIT,,,,,
ACC00096,2026-07-05T09:11:31.607062,5609.39,CARD_ECOM,MER0008,DEBIT,,,,,
ACC00096,2026-06-15T18:32:14.258640,466.48,CARD_ECOM,MER0008,DEBIT,,,,,
ACC00096,2026-08-06T21:31:51.927805,7747.2,CARD_ECOM,MER0030,DEBIT,,,,,
ACC00096,2026-06-03T22:14:01.297742,6706.97,WALLET,MER0015,DEBIT,,,,,
ACC00096,2026-08-20T10:22:24.496816,6650.01,CARD_ECOM,MER0033,DEBIT,,,,,
ACC00096,2026-08-05T05:51:57.141597,8382.73,WALLET,MER0037,DEBIT,,,,,
ACC00096,2026-07-27T20:04:04.160965,1556.41,UPI_ECOM,MER0035,DEBIT,,,,,
ACC00096,2026-07-22T06:11:31.486300,1574.66,CARD_ECOM,MER0018,DEBIT,,,,,
ACC00096,2026-06-27T00:41:35.488221,3715.92,CARD_POS,MER0032,DEBIT,,,,,
ACC00096,2026-08-02T04:09:16.141967,5605.57,WALLET,MER0032,DEBIT,,,,,
ACC00097,2026-08-19T04:33:07.487303,5545.26,WALLET,MER0006,DEBIT,,,,,
ACC00097,2026-08-19T05:19:55.512564,4942.4,WALLET,MER0013,DEBIT,,,,,
ACC00097,2026-07-28T07:27:52.041596,4112.85,UPI_ECOM,MER0036,DEBIT,,,,,
ACC00097,2026-08-02T00:46:52.968434,6688.2,CARD_POS,MER0035,DEBIT,,,,,
ACC00097,2026-06-27T07:51:07.547586,3840.52,WALLET,MER0007,DEBIT,,,,,
ACC00097,2026-08-20T10:49:32.922058,8266.01,CARD_ECOM,MER0025,DEBIT,,,,,
ACC00097,2026-06-11T11:20:47.062717,6702.25,UPI_ECOM,MER0009,DEBIT,,,,,
ACC00097,2026-07-03T07:13:45.203080,8308.19,WALLET,MER0035,DEBIT,,,,,
ACC00097,2026-08-18T19:54:08.489225,8952.82,CARD_POS,MER0028,DEBIT,,,,,
ACC00097,2026-06-19T19:28:38.590262,1997.74,CARD_ECOM,MER0032,DEBIT,,,,,
ACC00098,2026-07-15T05:31:40.926964,3638.83,CARD_POS,MER0032,DEBIT,,,,,
ACC00098,2026-07-05T23:23:21.661535,612.87,CARD_ECOM,MER0018,DEBIT,,,,,
ACC00098,2026-08-27T03:00:41.034390,6625.3,WALLET,MER0037,DEBIT,,,,,
ACC00098,2026-08-22T15:44:56.603049,8125.71,UPI_ECOM,MER0016,DEBIT,,,,,
ACC00098,2026-07-09T08:14:19.964522,2399.23,CARD_POS,MER0016,DEBIT,,,,,
ACC00098,2026-07-18T13:55:56.860116,464.76,CARD_POS,MER0024,DEBIT,,,,,
ACC00098,2026-08-02T06:14:00.284638,2844.4,CARD_POS,MER0035,DEBIT,,,,,
ACC00098,2026-08-27T05:50:14.999394,6677.45,UPI_ECOM,MER0020,DEBIT,,,,,
ACC00098,2026-06-08T02:14:23.084176,860.5,CARD_POS,MER0028,DEBIT,,,,,
ACC00098,2026-06-25T12:18:43.418666,2413.68,CARD_ECOM,MER0011,DEBIT,,,,,
ACC00098,2026-07-04T02:24:02.893665,8800.95,CARD_ECOM,MER0034,DEBIT,,,,,
ACC00098,2026-08-18T18:26:40.042169,8726.46,WALLET,MER0021,DEBIT,,,,,
ACC00099,2026-08-31T11:49:49.755816,4907.4,UPI_ECOM,MER0027,DEBIT,,,,,
ACC00099,2026-08-11T01:31:32.449894,3465.56,CARD_POS,MER0007,DEBIT,,,,,
ACC00099,2026-08-11T08:27:47.846048,8137.19,CARD_POS,MER0031,DEBIT,,,,,
ACC00099,2026-08-18T09:18:42.375397,4201.08,CARD_ECOM,MER0019,DEBIT,,,,,
ACC00099,2026-08-19T08:37:40.784925,2983.64,CARD_POS,MER0003,DEBIT,,,,,
ACC00099,2026-07-24T17:03:46.481804,7266.06,CARD_ECOM,MER0025,DEBIT,,,,,
ACC00099,2026-06-30T04:51:58.650569,7588.66,WALLET,MER0016,DEBIT,,,,,
ACC00099,2026-08-16T14:12:51.241550,2330.7,WALLET,MER0023,DEBIT,,,,,
ACC00099,2026-06-04T03:59:02.427286,1599.92,CARD_POS,MER0036,DEBIT,,,,,
ACC00099,2026-07-31T02:16:10.070134,1885.4,WALLET,MER0037,DEBIT,,,,,
ACC00099,2026-08-13T01:50:57.429540,4920.14,UPI_ECOM,MER0005,DEBIT,,,,,
ACC00099,2026-07-21T17:36:18.228237,2647.03,UPI_ECOM,MER0038,DEBIT,,,,,
ACC00100,2026-08-01T06:30:59.509180,5361.97,UPI_ECOM,MER0036,DEBIT,,,,,
ACC00100,2026-08-26T18:26:39.416274,5330.41,UPI_ECOM,MER0022,DEBIT,,,,,
ACC00100,2026-07-13T08:13:44.408504,5970.93,UPI_ECOM,MER0033,DEBIT,,,,,
ACC00100,2026-08-03T21:12:36.396637,5457.46,WALLET,MER0027,DEBIT,,,,,
ACC00100,2026-07-31T21:17:43.689530,2317.43,CARD_ECOM,MER0014,DEBIT,,,,,
ACC00100,2026-06-05T03:47:01.296669,3187.41,CARD_POS,MER0000,DEBIT,,,,,
ACC00100,2026-07-20T18:26:15.173238,8087.02,UPI_ECOM,MER0007,DEBIT,,,,,
ACC00100,2026-07-30T02:59:25.269273,844.62,UPI_ECOM,MER0023,DEBIT,,,,,
ACC00100,2026-06-24T14:19:27.913909,1715.31,CARD_POS,MER0031,DEBIT,,,,,
ACC00100,2026-08-01T09:59:30.623971,5361.38,CARD_POS,MER0016,DEBIT,,,,,
ACC00101,2026-06-14T20:49:52.625355,4754.54,CARD_ECOM,MER0008,DEBIT,,,,,
ACC00101,2026-08-06T13:01:59.491406,2597.35,UPI_ECOM,MER0001,DEBIT,,,,,
ACC00101,2026-06-28T15:31:52.420666,5885.88,WALLET,MER0022,DEBIT,,,,,
ACC00101,2026-06-11T01:11:21.276337,8898.31,CARD_POS,MER0014,DEBIT,,,,,
ACC00101,2026-07-22T10:50:36.910644,1196.77,WALLET,MER0034,DEBIT,,,,,
ACC00101,2026-06-14T01:59:07.378435,1850.02,WALLET,MER0028,DEBIT,,,,,
ACC00102,2026-08-15T18:54:51.538363,6088.99,CARD_POS,MER0037,DEBIT,,,,,
ACC00102,2026-06-19T16:20:23.041385,6878.63,UPI_ECOM,MER0007,DEBIT,,,,,
ACC00102,2026-08-07T07:39:59.659374,5355.82,CARD_POS,MER0027,DEBIT,,,,,
ACC00102,2026-06-25T23:30:23.288252,898.14,WALLET,MER0033,DEBIT,,,,,
ACC00102,2026-06-28T03:07:45.154858,3013.24,WALLET,MER0012,DEBIT,,,,,
ACC00102,2026-08-16T16:03:06.574289,3371.96,WALLET,MER0033,DEBIT,,,,,
ACC00102,2026-06-07T05:11:42.044684,8556.13,CARD_ECOM,MER0005,DEBIT,,,,,
ACC00102,2026-07-29T07:54:15.308579,6514.64,WALLET,MER0011,DEBIT,,,,,
ACC00103,2026-07-01T12:17:00.911275,8791.62,CARD_POS,MER0020,DEBIT,,,,,
ACC00103,2026-07-26T05:16:44.503161,2900.31,WALLET,MER0027,DEBIT,,,,,
ACC00103,2026-07-10T08:32:33.639379,6638.32,WALLET,MER0006,DEBIT,,,,,
ACC00103,2026-06-05T23:33:09.470822,470.27,CARD_ECOM,MER0003,DEBIT,,,,,
ACC00103,2026-08-11T01:59:00.146739,1711.61,WALLET,MER0011,DEBIT,,,,,
ACC00103,2026-07-16T12:40:57.862282,8375.68,WALLET,MER0028,DEBIT,,,,,
ACC00103,2026-08-09T21:19:07.898188,6132.27,UPI_ECOM,MER0028,DEBIT,,,,,
ACC00103,2026-07-22T22:15:44.148957,2143.26,CARD_ECOM,MER0011,DEBIT,,,,,
ACC00103,2026-07-13T08:25:33.144498,2135.37,UPI_ECOM,MER0017,DEBIT,,,,,
ACC00103,2026-07-26T00:43:45.231165,4263.98,CARD_ECOM,MER0028,DEBIT,,,,,
ACC00104,2026-06-07T04:15:58.604977,4624.43,UPI_ECOM,MER0029,DEBIT,,,,,
ACC00104,2026-06-26T22:17:02.874209,561.84,UPI_ECOM,MER0004,DEBIT,,,,,
ACC00104,2026-08-01T09:12:35.197182,8787.0,WALLET,MER0024,DEBIT,,,,,
ACC00104,2026-07-02T04:15:35.717557,7252.42,WALLET,MER0021,DEBIT,,,,,
ACC00105,2026-07-18T04:48:42.105486,8571.06,CARD_ECOM,MER0034,DEBIT,,,,,
ACC00105,2026-07-28T02:47:14.825656,6382.93,UPI_ECOM,MER0014,DEBIT,,,,,
ACC00105,2026-08-27T18:14:38.975821,4331.43,CARD_ECOM,MER0022,DEBIT,,,,,
ACC00105,2026-06-30T04:22:17.297367,4244.93,CARD_POS,MER0035,DEBIT,,,,,
ACC00105,2026-08-23T14:25:44.980793,8384.26,CARD_POS,MER0022,DEBIT,,,,,
ACC00105,2026-07-20T10:42:06.091065,6352.64,CARD_ECOM,MER0011,DEBIT,,,,,
ACC00105,2026-08-04T23:49:05.517160,3070.2,UPI_ECOM,MER0002,DEBIT,,,,,
ACC00105,2026-08-13T00:42:36.460506,810.1,CARD_POS,MER0032,DEBIT,,,,,
ACC00105,2026-06-05T23:55:54.044565,3946.07,CARD_ECOM,MER0029,DEBIT,,,,,
ACC00105,2026-08-21T20:38:30.086153,5519.54,WALLET,MER0019,DEBIT,,,,,
ACC00105,2026-08-04T12:05:51.643138,8654.09,UPI_ECOM,MER0020,DEBIT,,,,,
ACC00105,2026-07-24T09:22:19.392924,4900.97,WALLET,MER0016,DEBIT,,,,,
ACC00106,2026-06-14T06:10:41.453873,1829.35,CARD_ECOM,MER0011,DEBIT,,,,,
ACC00106,2026-06-26T10:55:41.958269,7670.72,CARD_ECOM,MER0034,DEBIT,,,,,
ACC00106,2026-08-24T03:09:11.963908,2388.98,CARD_ECOM,MER0008,DEBIT,,,,,
ACC00107,2026-08-11T03:47:04.340706,3011.65,WALLET,MER0028,DEBIT,,,,,
ACC00107,2026-08-15T23:39:38.208018,7857.26,CARD_ECOM,MER0004,DEBIT,,,,,
ACC00108,2026-08-24T20:56:50.460487,8884.12,CARD_ECOM,MER0004,DEBIT,,,,,
ACC00108,2026-07-26T11:24:58.434387,8791.21,UPI_ECOM,MER0022,DEBIT,,,,,
ACC00108,2026-06-27T11:21:22.281429,7271.41,UPI_ECOM,MER0010,DEBIT,,,,,
ACC00108,2026-07-15T01:28:16.960917,3463.69,UPI_ECOM,MER0015,DEBIT,,,,,
ACC00108,2026-08-24T10:09:05.187153,5723.03,WALLET,MER0031,DEBIT,,,,,
ACC00108,2026-08-16T04:54:16.435504,4016.77,WALLET,MER0037,DEBIT,,,,,
ACC00108,2026-07-09T06:28:15.199260,3820.9,UPI_ECOM,MER0024,DEBIT,,,,,
ACC00108,2026-08-18T02:55:38.388287,5224.84,WALLET,MER0001,DEBIT,,,,,
ACC00108,2026-07-03T14:08:04.575857,8976.48,UPI_ECOM,MER0008,DEBIT,,,,,
ACC00109,2026-06-10T21:48:26.248171,4341.91,CARD_ECOM,MER0036,DEBIT,,,,,
ACC00109,2026-07-01T10:04:48.722505,450.44,CARD_POS,MER0009,DEBIT,,,,,
ACC00109,2026-08-13T00:52:09.402684,5117.88,UPI_ECOM,MER0015,DEBIT,,,,,
ACC00109,2026-08-22T03:07:58.229835,7646.14,CARD_ECOM,MER0005,DEBIT,,,,,
ACC00109,2026-08-06T23:25:16.245713,580.36,UPI_ECOM,MER0032,DEBIT,,,,,
ACC00109,2026-08-12T11:15:40.871122,7182.54,CARD_POS,MER0021,DEBIT,,,,,
ACC00109,2026-07-07T07:22:44.651695,4038.67,CARD_POS,MER0009,DEBIT,,,,,
ACC00110,2026-08-13T12:55:41.247159,3164.06,CARD_POS,MER0005,DEBIT,,,,,
ACC00110,2026-07-12T22:17:53.359989,5080.37,CARD_POS,MER0011,DEBIT,,,,,
ACC00110,2026-08-24T19:34:30.142552,419.46,CARD_POS,MER0011,DEBIT,,,,,
ACC00111,2026-07-27T10:35:23.611434,648.84,CARD_ECOM,MER0012,DEBIT,,,,,
ACC00111,2026-07-10T21:37:31.729817,2302.77,CARD_ECOM,MER0036,DEBIT,,,,,
ACC00111,2026-06-15T12:39:59.397042,4210.92,CARD_POS,MER0011,DEBIT,,,,,
ACC00111,2026-08-26T05:47:20.379138,5454.2,CARD_POS,MER0007,DEBIT,,,,,
ACC00111,2026-08-14T02:33:03.056679,8887.59,WALLET,MER0038,DEBIT,,,,,
ACC00111,2026-08-04T10:01:00.721738,2651.24,CARD_POS,MER0027,DEBIT,,,,,
ACC00111,2026-06-26T21:20:15.758142,4013.21,WALLET,MER0021,DEBIT,,,,,
ACC00111,2026-07-31T19:01:09.085580,7714.72,CARD_ECOM,MER0037,DEBIT,,,,,
ACC00112,2026-08-03T00:46:41.849103,6347.24,CARD_ECOM,MER0020,DEBIT,,,,,
ACC00112,2026-08-13T06:00:48.938714,6640.02,UPI_ECOM,MER0022,DEBIT,,,,,
ACC00113,2026-06-08T12:51:53.510661,3960.21,CARD_POS,MER0009,DEBIT,,,,,
ACC00113,2026-06-24T06:04:12.857400,2706.97,UPI_ECOM,MER0014,DEBIT,,,,,
ACC00114,2026-07-19T08:09:19.223581,7523.95,UPI_ECOM,MER0014,DEBIT,,,,,
ACC00114,2026-08-21T05:14:34.373366,6163.54,UPI_ECOM,MER0014,DEBIT,,,,,
ACC00114,2026-07-20T11:33:38.390966,5653.93,WALLET,MER0002,DEBIT,,,,,
ACC00114,2026-08-27T23:35:45.365829,2117.52,WALLET,MER0015,DEBIT,,,,,
ACC00114,2026-07-24T18:27:39.899144,7553.0,UPI_ECOM,MER0032,DEBIT,,,,,
ACC00114,2026-07-31T16:31:52.171753,4666.08,WALLET,MER0018,DEBIT,,,,,
ACC00114,2026-07-01T09:12:51.140973,4186.25,CARD_POS,MER0009,DEBIT,,,,,
ACC00114,2026-08-05T06:00:01.479222,5364.86,UPI_ECOM,MER0007,DEBIT,,,,,
ACC00114,2026-08-05T11:46:27.213768,8672.23,CARD_POS,MER0002,DEBIT,,,,,
ACC00114,2026-07-17T16:32:21.419486,4258.35,WALLET,MER0024,DEBIT,,,,,
ACC00115,2026-07-29T20:11:09.028883,4570.77,CARD_POS,MER0033,DEBIT,,,,,
ACC00115,2026-08-31T06:01:44.034588,8697.44,CARD_ECOM,MER0036,DEBIT,,,,,
ACC00115,2026-08-14T09:30:35.195507,7868.39,CARD_POS,MER0013,DEBIT,,,,,
ACC00115,2026-06-17T06:46:19.451217,6570.79,CARD_ECOM,MER0027,DEBIT,,,,,
ACC00115,2026-06-15T08:03:00.018859,7554.82,CARD_ECOM,MER0007,DEBIT,,,,,
ACC00115,2026-06-03T21:53:36.122117,2816.16,CARD_ECOM,MER0007,DEBIT,,,,,
ACC00116,2026-06-19T13:22:24.518070,7360.79,CARD_POS,MER0027,DEBIT,,,,,
ACC00116,2026-07-21T01:12:16.366860,6705.63,CARD_POS,MER0037,DEBIT,,,,,
ACC00116,2026-08-10T12:58:40.232113,7719.97,UPI_ECOM,MER0030,DEBIT,,,,,
ACC00116,2026-08-03T17:24:01.169232,6888.31,UPI_ECOM,MER0000,DEBIT,,,,,
ACC00116,2026-06-03T08:15:12.074012,3912.3,WALLET,MER0024,DEBIT,,,,,
ACC00116,2026-07-16T04:01:48.553790,5828.42,CARD_ECOM,MER0010,DEBIT,,,,,
ACC00116,2026-06-30T10:13:05.193313,6902.36,UPI_ECOM,MER0002,DEBIT,,,,,
ACC00116,2026-06-16T09:30:43.424805,3971.27,UPI_ECOM,MER0035,DEBIT,,,,,
ACC00116,2026-06-22T00:04:30.469771,5832.79,WALLET,MER0010,DEBIT,,,,,
ACC00117,2026-06-18T11:54:40.870146,1331.6,WALLET,MER0009,DEBIT,,,,,
ACC00117,2026-06-14T09:16:37.953200,5017.94,UPI_ECOM,MER0004,DEBIT,,,,,
ACC00117,2026-06-19T13:55:23.442385,8538.18,WALLET,MER0023,DEBIT,,,,,
ACC00117,2026-06-27T05:26:58.016495,6106.77,CARD_ECOM,MER0003,DEBIT,,,,,
ACC00118,2026-07-11T09:18:01.894149,4131.26,CARD_POS,MER0028,DEBIT,,,,,
ACC00118,2026-06-25T15:29:24.325539,4351.05,WALLET,MER0015,DEBIT,,,,,
ACC00118,2026-06-18T21:10:41.423986,6262.55,CARD_ECOM,MER0022,DEBIT,,,,,
ACC00118,2026-08-25T07:03:27.717398,3338.99,CARD_ECOM,MER0032,DEBIT,,,,,
ACC00118,2026-08-12T09:34:09.870299,7750.99,UPI_ECOM,MER0033,DEBIT,,,,,
ACC00118,2026-08-28T18:53:59.518120,4437.31,WALLET,MER0027,DEBIT,,,,,
ACC00118,2026-07-27T16:31:34.187649,2318.0,CARD_POS,MER0030,DEBIT,,,,,
ACC00118,2026-06-26T21:50:36.085861,6348.01,WALLET,MER0023,DEBIT,,,,,
ACC00118,2026-07-01T13:45:42.877966,4753.53,CARD_POS,MER0019,DEBIT,,,,,
ACC00119,2026-07-14T09:41:51.638630,8116.51,WALLET,MER0031,DEBIT,,,,,
ACC00119,2026-06-10T02:41:42.699496,2961.74,CARD_ECOM,MER0010,DEBIT,,,,,
ACC00120,2026-07-13T21:45:59.527654,7977.07,WALLET,MER0038,DEBIT,,,,,
ACC00120,2026-07-06T19:04:25.760427,4044.19,UPI_ECOM,MER0004,DEBIT,,,,,
ACC00120,2026-08-21T18:03:54.835214,2672.57,CARD_POS,MER0035,DEBIT,,,,,
ACC00121,2026-07-22T11:07:22.178020,4013.55,CARD_ECOM,MER0008,DEBIT,,,,,
ACC00121,2026-07-10T20:35:45.061112,8804.89,UPI_ECOM,MER0009,DEBIT,,,,,
ACC00121,2026-06-10T00:47:01.590943,3480.25,WALLET,MER0003,DEBIT,,,,,
ACC00121,2026-07-19T09:11:57.534757,8167.27,CARD_POS,MER0024,DEBIT,,,,,
ACC00121,2026-07-22T02:48:11.515256,4877.21,CARD_POS,MER0039,DEBIT,,,,,
ACC00121,2026-07-24T18:28:17.587120,4837.89,CARD_POS,MER0016,DEBIT,,,,,
ACC00121,2026-08-08T14:50:17.799987,8691.5,WALLET,MER0010,DEBIT,,,,,
ACC00121,2026-08-19T07:55:33.007369,2362.25,UPI_ECOM,MER0016,DEBIT,,,,,
ACC00121,2026-08-06T09:55:26.142930,2089.3,CARD_POS,MER0001,DEBIT,,,,,
ACC00121,2026-08-16T20:01:15.864497,5605.64,CARD_ECOM,MER0019,DEBIT,,,,,
ACC00121,2026-06-04T11:38:40.962782,6487.16,CARD_POS,MER0000,DEBIT,,,,,
ACC00121,2026-07-16T17:46:15.577774,8603.64,CARD_ECOM,MER0034,DEBIT,,,,,
ACC00122,2026-07-16T14:48:08.653151,2970.21,WALLET,MER0010,DEBIT,,,,,
ACC00122,2026-08-15T23:55:46.984980,1166.59,CARD_ECOM,MER0017,DEBIT,,,,,
ACC00122,2026-07-16T03:57:27.949142,8073.4,WALLET,MER0027,DEBIT,,,,,
ACC00122,2026-06-27T09:56:40.112366,951.86,CARD_ECOM,MER0006,DEBIT,,,,,
ACC00122,2026-06-14T07:33:30.601416,7153.94,CARD_POS,MER0021,DEBIT,,,,,
ACC00122,2026-07-10T23:27:41.681321,7212.56,WALLET,MER0000,DEBIT,,,,,
ACC00122,2026-06-08T06:04:43.799887,376.69,WALLET,MER0011,DEBIT,,,,,
ACC00123,2026-06-11T10:23:24.078475,7689.09,CARD_ECOM,MER0039,DEBIT,,,,,
ACC00123,2026-07-07T04:40:17.777814,4337.35,CARD_ECOM,MER0028,DEBIT,,,,,
ACC00123,2026-08-03T00:58:38.375774,5447.06,UPI_ECOM,MER0008,DEBIT,,,,,
ACC00123,2026-08-05T18:24:28.618206,7560.79,CARD_ECOM,MER0018,DEBIT,,,,,
ACC00123,2026-07-13T16:04:05.220018,1283.49,CARD_POS,MER0017,DEBIT,,,,,
ACC00123,2026-06-21T11:24:05.000704,8980.12,WALLET,MER0008,DEBIT,,,,,
ACC00123,2026-06-10T19:29:54.503485,1997.76,CARD_POS,MER0010,DEBIT,,,,,
ACC00123,2026-08-21T06:51:44.004877,5084.42,CARD_POS,MER0005,DEBIT,,,,,
ACC00124,2026-07-15T16:49:38.809506,8347.86,WALLET,MER0005,DEBIT,,,,,
ACC00124,2026-06-09T14:53:03.349870,2181.78,CARD_POS,MER0004,DEBIT,,,,,
ACC00124,2026-07-11T06:25:02.091632,2183.38,CARD_ECOM,MER0037,DEBIT,,,,,
ACC00124,2026-08-10T05:40:55.498438,7397.41,WALLET,MER0031,DEBIT,,,,,
ACC00124,2026-06-20T16:30:44.421574,709.69,CARD_POS,MER0007,DEBIT,,,,,
ACC00124,2026-06-10T22:08:23.452788,5790.3,WALLET,MER0024,DEBIT,,,,,
ACC00124,2026-06-14T19:37:18.914628,5655.44,WALLET,MER0033,DEBIT,,,,,
ACC00125,2026-08-13T12:38:10.501526,4114.44,CARD_POS,MER0032,DEBIT,,,,,
ACC00125,2026-08-14T13:42:40.757222,8375.36,CARD_ECOM,MER0023,DEBIT,,,,,
ACC00125,2026-06-29T07:46:01.311204,5085.44,UPI_ECOM,MER0025,DEBIT,,,,,
ACC00125,2026-08-29T00:05:37.098153,4386.91,WALLET,MER0029,DEBIT,,,,,
ACC00125,2026-07-27T14:23:42.502418,5252.08,UPI_ECOM,MER0028,DEBIT,,,,,
ACC00125,2026-08-01T18:59:09.764213,1086.3,CARD_POS,MER0028,DEBIT,,,,,
ACC00125,2026-08-20T16:04:44.510410,4302.13,CARD_ECOM,MER0037,DEBIT,,,,,
ACC00125,2026-08-18T06:52:49.606318,7174.52,CARD_POS,MER0016,DEBIT,,,,,
ACC00125,2026-06-12T04:20:56.093790,1613.67,CARD_POS,MER0010,DEBIT,,,,,
ACC00125,2026-06-15T08:50:40.955051,2573.02,WALLET,MER0036,DEBIT,,,,,
ACC00125,2026-08-31T16:57:28.010161,8897.87,UPI_ECOM,MER0005,DEBIT,,,,,
ACC00125,2026-06-30T09:56:48.450205,2050.53,CARD_POS,MER0025,DEBIT,,,,,
ACC00126,2026-07-12T19:12:49.698414,2219.86,CARD_POS,MER0005,DEBIT,,,,,
ACC00126,2026-06-21T21:29:11.379373,4439.4,WALLET,MER0013,DEBIT,,,,,
ACC00126,2026-08-01T02:00:10.444295,4603.69,UPI_ECOM,MER0036,DEBIT,,,,,
ACC00126,2026-08-03T07:00:04.550097,3845.2,WALLET,MER0031,DEBIT,,,,,
ACC00126,2026-07-04T14:01:08.945155,1628.62,UPI_ECOM,MER0026,DEBIT,,,,,
ACC00126,2026-08-11T11:15:52.457913,1715.99,CARD_ECOM,MER0027,DEBIT,,,,,
ACC00126,2026-08-26T08:47:20.823974,6586.87,WALLET,MER0039,DEBIT,,,,,
ACC00126,2026-06-07T05:00:20.578213,8967.8,WALLET,MER0026,DEBIT,,,,,
ACC00126,2026-06-22T05:12:46.944403,2942.02,CARD_ECOM,MER0029,DEBIT,,,,,
ACC00126,2026-07-11T18:12:46.837870,5998.76,UPI_ECOM,MER0025,DEBIT,,,,,
ACC00127,2026-07-19T03:52:53.144665,6002.36,CARD_POS,MER0007,DEBIT,,,,,
ACC00127,2026-06-27T23:19:25.636614,1425.49,UPI_ECOM,MER0033,DEBIT,,,,,
ACC00127,2026-07-11T16:26:09.812278,3092.05,CARD_POS,MER0014,DEBIT,,,,,
ACC00127,2026-06-29T20:31:32.879702,7684.09,CARD_POS,MER0038,DEBIT,,,,,
ACC00127,2026-06-20T10:13:31.481958,5155.09,CARD_ECOM,MER0000,DEBIT,,,,,
ACC00127,2026-06-12T20:08:27.700327,5762.49,CARD_ECOM,MER0005,DEBIT,,,,,
ACC00127,2026-06-04T11:24:03.288604,7013.8,CARD_ECOM,MER0034,DEBIT,,,,,
ACC00127,2026-07-15T14:24:50.700113,4044.53,CARD_POS,MER0004,DEBIT,,,,,
ACC00127,2026-08-17T09:53:28.819846,4360.37,WALLET,MER0033,DEBIT,,,,,
ACC00127,2026-08-06T00:32:26.105511,6470.53,CARD_ECOM,MER0003,DEBIT,,,,,
ACC00128,2026-07-24T00:14:57.052182,8352.54,UPI_ECOM,MER0007,DEBIT,,,,,
ACC00128,2026-06-30T04:29:09.722120,6217.45,CARD_ECOM,MER0004,DEBIT,,,,,
ACC00128,2026-06-25T22:46:13.767720,3634.32,UPI_ECOM,MER0003,DEBIT,,,,,
ACC00129,2026-06-10T09:53:49.844004,8063.84,CARD_POS,MER0006,DEBIT,,,,,
ACC00129,2026-07-29T10:21:43.685680,5784.52,UPI_ECOM,MER0002,DEBIT,,,,,
ACC00129,2026-07-03T15:47:45.373919,5021.61,WALLET,MER0030,DEBIT,,,,,
ACC00129,2026-07-08T06:49:59.820421,8748.65,WALLET,MER0026,DEBIT,,,,,
ACC00129,2026-08-21T15:14:42.214714,3534.24,CARD_ECOM,MER0032,DEBIT,,,,,
ACC00129,2026-07-16T07:27:15.584525,4110.82,CARD_ECOM,MER0006,DEBIT,,,,,
ACC00129,2026-08-18T22:23:06.517923,4133.95,CARD_ECOM,MER0013,DEBIT,,,,,
ACC00129,2026-07-02T03:04:27.527178,1575.53,CARD_ECOM,MER0010,DEBIT,,,,,
ACC00129,2026-06-26T16:56:01.105310,5834.65,CARD_ECOM,MER0036,DEBIT,,,,,
ACC00129,2026-06-24T18:14:00.502722,1713.57,CARD_POS,MER0036,DEBIT,,,,,
ACC00129,2026-06-02T13:48:50.936246,488.52,CARD_POS,MER0017,DEBIT,,,,,
ACC00130,2026-06-03T02:04:33.733360,1643.61,CARD_ECOM,MER0033,DEBIT,,,,,
ACC00130,2026-08-14T19:38:42.089992,4636.0,CARD_ECOM,MER0024,DEBIT,,,,,
ACC00131,2026-07-06T09:04:12.310703,2063.6,CARD_ECOM,MER0003,DEBIT,,,,,
ACC00131,2026-06-14T19:35:13.087750,6263.78,CARD_ECOM,MER0015,DEBIT,,,,,
ACC00131,2026-08-04T06:00:45.810594,666.69,UPI_ECOM,MER0019,DEBIT,,,,,
ACC00131,2026-06-19T19:36:29.290459,3773.31,UPI_ECOM,MER0013,DEBIT,,,,,
ACC00131,2026-08-19T13:44:32.204455,3164.22,UPI_ECOM,MER0028,DEBIT,,,,,
ACC00131,2026-08-09T22:56:45.542220,7028.89,CARD_POS,MER0028,DEBIT,,,,,
ACC00131,2026-06-13T22:01:08.266428,1483.49,CARD_POS,MER0019,DEBIT,,,,,
ACC00132,2026-08-21T01:56:46.611052,4661.69,CARD_POS,MER0012,DEBIT,,,,,
ACC00132,2026-06-28T08:23:51.616449,3497.05,CARD_ECOM,MER0028,DEBIT,,,,,
ACC00132,2026-07-28T06:13:11.671084,6448.26,CARD_POS,MER0031,DEBIT,,,,,
ACC00132,2026-06-07T02:19:49.214524,486.79,CARD_POS,MER0024,DEBIT,,,,,
ACC00132,2026-07-05T23:14:30.121499,6446.68,CARD_POS,MER0006,DEBIT,,,,,
ACC00132,2026-06-06T15:22:45.203987,6739.4,CARD_POS,MER0035,DEBIT,,,,,
ACC00132,2026-06-11T20:45:12.169859,4321.1,UPI_ECOM,MER0027,DEBIT,,,,,
ACC00133,2026-06-15T07:06:55.757008,496.79,CARD_ECOM,MER0021,DEBIT,,,,,
ACC00133,2026-07-25T19:30:33.180749,1653.15,UPI_ECOM,MER0025,DEBIT,,,,,
ACC00133,2026-06-11T12:50:01.506831,6238.32,UPI_ECOM,MER0036,DEBIT,,,,,
ACC00133,2026-07-02T22:55:41.261468,2421.11,CARD_ECOM,MER0022,DEBIT,,,,,
ACC00133,2026-08-05T00:22:12.786067,1313.13,UPI_ECOM,MER0026,DEBIT,,,,,
ACC00133,2026-08-22T15:28:11.496436,8501.48,UPI_ECOM,MER0037,DEBIT,,,,,
ACC00133,2026-08-29T13:09:08.390803,4232.1,UPI_ECOM,MER0033,DEBIT,,,,,
ACC00134,2026-07-28T02:16:00.353844,8821.62,WALLET,MER0008,DEBIT,,,,,
ACC00134,2026-07-31T19:59:28.157403,3432.34,WALLET,MER0023,DEBIT,,,,,
ACC00134,2026-08-24T19:54:58.229706,4432.05,CARD_POS,MER0036,DEBIT,,,,,
ACC00134,2026-07-15T05:47:45.074932,1319.91,WALLET,MER0016,DEBIT,,,,,
ACC00134,2026-08-25T10:18:58.721585,4513.55,WALLET,MER0002,DEBIT,,,,,
ACC00134,2026-06-28T09:35:42.815267,4804.18,WALLET,MER0014,DEBIT,,,,,
ACC00134,2026-08-21T19:18:45.091303,8009.1,UPI_ECOM,MER0035,DEBIT,,,,,
ACC00134,2026-06-13T10:37:32.048158,5855.09,CARD_ECOM,MER0032,DEBIT,,,,,
ACC00134,2026-07-31T20:16:44.586935,1020.74,UPI_ECOM,MER0035,DEBIT,,,,,
ACC00134,2026-06-12T03:05:16.084137,7356.21,CARD_ECOM,MER0024,DEBIT,,,,,
ACC00134,2026-06-18T01:18:14.964417,6861.62,WALLET,MER0011,DEBIT,,,,,
ACC00135,2026-06-16T00:12:37.426793,3235.89,UPI_ECOM,MER0006,DEBIT,,,,,
ACC00135,2026-08-01T18:33:22.110713,3128.88,WALLET,MER0019,DEBIT,,,,,
ACC00135,2026-07-08T06:24:48.907711,416.51,CARD_POS,MER0038,DEBIT,,,,,
ACC00135,2026-06-19T07:18:53.727808,1284.91,WALLET,MER0023,DEBIT,,,,,
ACC00136,2026-08-27T14:54:54.401804,6563.25,WALLET,MER0000,DEBIT,,,,,
ACC00136,2026-08-13T05:03:03.678763,7333.91,CARD_ECOM,MER0039,DEBIT,,,,,
ACC00137,2026-07-10T20:30:31.420750,8459.13,CARD_ECOM,MER0005,DEBIT,,,,,
ACC00137,2026-08-09T13:34:33.997953,2219.89,CARD_POS,MER0027,DEBIT,,,,,
ACC00137,2026-08-01T19:06:55.506910,7915.9,CARD_POS,MER0010,DEBIT,,,,,
ACC00137,2026-08-14T21:26:20.837249,1908.43,UPI_ECOM,MER0030,DEBIT,,,,,
ACC00137,2026-06-14T08:05:10.365474,733.8,UPI_ECOM,MER0002,DEBIT,,,,,
ACC00137,2026-06-14T07:19:58.377773,5589.65,CARD_ECOM,MER0010,DEBIT,,,,,
ACC00138,2026-06-25T17:07:11.731764,3067.28,WALLET,MER0032,DEBIT,,,,,
ACC00138,2026-08-03T04:53:49.095530,2820.83,UPI_ECOM,MER0029,DEBIT,,,,,
ACC00138,2026-07-12T10:00:49.553984,4722.07,CARD_ECOM,MER0032,DEBIT,,,,,
ACC00138,2026-07-10T18:59:58.228778,4700.6,WALLET,MER0037,DEBIT,,,,,
ACC00138,2026-07-04T02:02:13.849121,8825.1,UPI_ECOM,MER0002,DEBIT,,,,,
ACC00139,2026-07-07T07:45:28.545809,1019.65,WALLET,MER0038,DEBIT,,,,,
ACC00139,2026-08-09T15:57:33.653825,2588.32,CARD_POS,MER0024,DEBIT,,,,,
ACC00139,2026-08-17T05:27:11.456162,4541.94,WALLET,MER0012,DEBIT,,,,,
ACC00139,2026-08-06T05:54:18.110040,6238.4,WALLET,MER0021,DEBIT,,,,,
ACC00139,2026-06-26T20:48:37.608967,751.63,CARD_ECOM,MER0020,DEBIT,,,,,
ACC00139,2026-07-26T12:53:51.273282,1525.8,UPI_ECOM,MER0008,DEBIT,,,,,
ACC00140,2026-06-10T14:34:33.215697,2038.44,CARD_POS,MER0003,DEBIT,,,,,
ACC00140,2026-06-25T08:29:27.977627,5777.38,UPI_ECOM,MER0037,DEBIT,,,,,
ACC00141,2026-08-23T07:30:40.417935,2032.53,UPI_ECOM,MER0019,DEBIT,,,,,
ACC00141,2026-07-07T00:55:12.854577,8224.98,CARD_POS,MER0018,DEBIT,,,,,
ACC00141,2026-06-03T23:59:51.390025,7063.72,UPI_ECOM,MER0007,DEBIT,,,,,
ACC00141,2026-08-08T17:50:18.193976,8053.44,UPI_ECOM,MER0028,DEBIT,,,,,
ACC00141,2026-08-09T08:40:30.524473,882.15,WALLET,MER0020,DEBIT,,,,,
ACC00141,2026-08-10T06:39:07.571934,7717.78,CARD_POS,MER0026,DEBIT,,,,,
ACC00141,2026-07-13T02:03:02.447361,1870.34,CARD_POS,MER0021,DEBIT,,,,,
ACC00141,2026-06-27T06:48:34.608255,7939.72,CARD_ECOM,MER0022,DEBIT,,,,,
ACC00141,2026-07-14T00:21:21.675478,2780.59,CARD_ECOM,MER0016,DEBIT,,,,,
ACC00142,2026-06-20T02:23:38.566183,3837.01,CARD_ECOM,MER0004,DEBIT,,,,,
ACC00142,2026-07-14T14:58:43.941390,1230.37,WALLET,MER0023,DEBIT,,,,,
ACC00142,2026-06-20T07:04:01.689511,7835.76,UPI_ECOM,MER0036,DEBIT,,,,,
ACC00142,2026-08-08T18:07:14.414483,3475.13,CARD_POS,MER0025,DEBIT,,,,,
ACC00142,2026-07-30T02:34:00.164112,2740.0,WALLET,MER0002,DEBIT,,,,,
ACC00143,2026-08-04T15:26:35.969602,7013.8,CARD_POS,MER0037,DEBIT,,,,,
ACC00143,2026-08-09T07:58:01.882073,3070.12,UPI_ECOM,MER0013,DEBIT,,,,,
ACC00144,2026-07-07T13:47:34.567501,2762.83,CARD_ECOM,MER0027,DEBIT,,,,,
ACC00144,2026-06-10T12:36:57.132954,8063.49,CARD_ECOM,MER0033,DEBIT,,,,,
ACC00144,2026-07-20T06:22:36.777970,1029.18,CARD_ECOM,MER0019,DEBIT,,,,,
ACC00144,2026-06-24T18:58:57.743692,8272.64,WALLET,MER0035,DEBIT,,,,,
ACC00145,2026-06-06T10:30:57.610606,3759.97,WALLET,MER0029,DEBIT,,,,,
ACC00145,2026-07-29T23:28:55.345039,404.51,CARD_POS,MER0019,DEBIT,,,,,
ACC00145,2026-08-19T05:43:38.851266,6878.47,WALLET,MER0002,DEBIT,,,,,
ACC00145,2026-07-31T02:36:12.134035,1565.97,WALLET,MER0019,DEBIT,,,,,
ACC00145,2026-07-09T13:36:04.909223,4071.43,WALLET,MER0000,DEBIT,,,,,
ACC00145,2026-06-05T15:05:47.691675,932.37,WALLET,MER0029,DEBIT,,,,,
ACC00145,2026-06-20T00:36:53.837215,1055.04,CARD_ECOM,MER0002,DEBIT,,,,,
ACC00145,2026-08-14T01:35:36.119228,2757.82,CARD_ECOM,MER0027,DEBIT,,,,,
ACC00145,2026-06-30T07:17:08.283826,934.65,CARD_ECOM,MER0007,DEBIT,,,,,
ACC00145,2026-06-29T16:28:28.163914,2737.96,WALLET,MER0001,DEBIT,,,,,
ACC00145,2026-08-13T00:59:38.397269,1129.93,WALLET,MER0003,DEBIT,,,,,
ACC00145,2026-06-21T18:27:37.317907,1918.86,CARD_ECOM,MER0035,DEBIT,,,,,
ACC00146,2026-06-14T18:53:03.163050,3262.5,CARD_POS,MER0010,DEBIT,,,,,
ACC00146,2026-07-23T14:25:27.220444,7172.85,CARD_ECOM,MER0028,DEBIT,,,,,
ACC00146,2026-07-14T00:28:40.610410,2124.12,UPI_ECOM,MER0017,DEBIT,,,,,
ACC00146,2026-06-20T22:23:52.845516,5193.0,CARD_ECOM,MER0026,DEBIT,,,,,
ACC00146,2026-08-13T15:00:43.175813,4183.33,CARD_ECOM,MER0025,DEBIT,,,,,
ACC00146,2026-08-29T08:11:09.159687,1928.8,UPI_ECOM,MER0022,DEBIT,,,,,
ACC00146,2026-07-22T20:57:33.779988,2268.41,UPI_ECOM,MER0031,DEBIT,,,,,
ACC00146,2026-08-15T21:37:17.913861,1126.35,WALLET,MER0029,DEBIT,,,,,
ACC00147,2026-07-11T20:49:52.856841,5494.16,CARD_ECOM,MER0027,DEBIT,,,,,
ACC00147,2026-07-09T18:24:22.244490,8518.15,CARD_POS,MER0003,DEBIT,,,,,
ACC00147,2026-08-11T07:46:37.641108,7232.36,UPI_ECOM,MER0012,DEBIT,,,,,
ACC00147,2026-07-14T23:36:59.551288,6002.63,UPI_ECOM,MER0003,DEBIT,,,,,
ACC00147,2026-06-23T18:45:01.887972,1652.59,CARD_POS,MER0007,DEBIT,,,,,
ACC00147,2026-08-25T16:49:01.637272,352.12,UPI_ECOM,MER0034,DEBIT,,,,,
ACC00147,2026-08-14T17:04:49.988181,973.12,CARD_ECOM,MER0038,DEBIT,,,,,
ACC00148,2026-08-24T18:22:50.760892,6136.06,UPI_ECOM,MER0009,DEBIT,,,,,
ACC00148,2026-06-28T07:42:05.698515,8774.31,WALLET,MER0037,DEBIT,,,,,
ACC00148,2026-08-18T12:08:54.043002,5342.32,WALLET,MER0038,DEBIT,,,,,
ACC00148,2026-08-13T06:12:43.970041,8381.07,UPI_ECOM,MER0020,DEBIT,,,,,
ACC00148,2026-08-01T04:06:35.057960,5442.64,WALLET,MER0035,DEBIT,,,,,
ACC00148,2026-07-29T12:38:14.518402,3948.87,UPI_ECOM,MER0011,DEBIT,,,,,
ACC00148,2026-06-11T12:51:05.194333,2587.91,CARD_ECOM,MER0022,DEBIT,,,,,
ACC00149,2026-07-11T02:25:17.603470,591.54,WALLET,MER0038,DEBIT,,,,,
ACC00149,2026-07-02T06:03:38.629977,5460.9,CARD_POS,MER0004,DEBIT,,,,,
ACC00149,2026-08-25T17:22:32.884344,8876.25,CARD_POS,MER0007,DEBIT,,,,,
ACC00149,2026-06-11T22:37:27.965693,8450.08,CARD_POS,MER0015,DEBIT,,,,,
ACC00149,2026-06-27T04:25:31.227818,3315.15,UPI_ECOM,MER0019,DEBIT,,,,,
ACC00149,2026-07-07T03:55:15.590750,1585.22,UPI_ECOM,MER0008,DEBIT,,,,,
ACC00149,2026-06-16T02:54:05.503056,4710.19,CARD_POS,MER0017,DEBIT,,,,,
ACC00149,2026-07-13T17:42:07.585258,8980.43,CARD_POS,MER0029,DEBIT,,,,,
ACC00149,2026-08-18T04:23:39.673961,1618.29,WALLET,MER0034,DEBIT,,,,,
ACC00149,2026-06-18T15:55:30.477060,8227.44,CARD_POS,MER0038,DEBIT,,,,,
ACC00150,2026-08-06T15:30:40.382339,5209.76,CARD_POS,MER0025,DEBIT,,,,,
ACC00150,2026-06-16T11:45:49.615595,5238.93,CARD_ECOM,MER0027,DEBIT,,,,,
ACC00150,2026-07-05T04:24:18.909136,8803.83,CARD_ECOM,MER0003,DEBIT,,,,,
ACC00150,2026-06-10T19:40:48.030222,2240.48,WALLET,MER0022,DEBIT,,,,,
ACC00150,2026-08-23T11:30:54.893017,2476.65,CARD_POS,MER0020,DEBIT,,,,,
ACC00150,2026-08-30T18:45:08.030589,1545.37,UPI_ECOM,MER0023,DEBIT,,,,,
ACC00151,2026-08-20T00:35:42.372966,1514.53,UPI_ECOM,MER0016,DEBIT,,,,,
ACC00151,2026-06-08T15:45:04.788063,2300.06,UPI_ECOM,MER0001,DEBIT,,,,,
ACC00152,2026-08-28T07:34:14.065690,6745.73,CARD_ECOM,MER0023,DEBIT,,,,,
ACC00152,2026-07-19T21:37:20.200784,945.94,UPI_ECOM,MER0036,DEBIT,,,,,
ACC00152,2026-06-17T08:25:53.015697,7673.1,CARD_ECOM,MER0004,DEBIT,,,,,
ACC00152,2026-06-12T07:09:56.571479,1883.64,WALLET,MER0002,DEBIT,,,,,
ACC00152,2026-08-26T14:57:40.967617,6998.45,WALLET,MER0026,DEBIT,,,,,
ACC00152,2026-08-16T04:29:59.068860,4042.32,CARD_POS,MER0017,DEBIT,,,,,
ACC00152,2026-08-18T01:55:06.933036,1737.37,UPI_ECOM,MER0009,DEBIT,,,,,
ACC00152,2026-07-13T12:31:26.874885,4325.96,CARD_POS,MER0028,DEBIT,,,,,
ACC00153,2026-07-04T04:52:02.779735,8647.59,CARD_ECOM,MER0001,DEBIT,,,,,
ACC00153,2026-08-29T12:34:11.746981,2065.63,CARD_ECOM,MER0026,DEBIT,,,,,
ACC00153,2026-06-15T16:59:52.048194,8321.44,CARD_POS,MER0016,DEBIT,,,,,
ACC00154,2026-07-27T03:43:55.652628,2215.87,UPI_ECOM,MER0000,DEBIT,,,,,
ACC00154,2026-08-31T01:04:41.047503,4317.62,CARD_POS,MER0034,DEBIT,,,,,
ACC00154,2026-06-16T08:40:39.088172,5536.1,CARD_ECOM,MER0038,DEBIT,,,,,
ACC00154,2026-07-20T15:37:13.085109,2670.43,UPI_ECOM,MER0010,DEBIT,,,,,
ACC00154,2026-07-03T10:12:54.947281,8349.03,WALLET,MER0010,DEBIT,,,,,
ACC00154,2026-07-29T00:11:08.967083,6963.98,CARD_ECOM,MER0011,DEBIT,,,,,
ACC00155,2026-06-06T09:33:26.659830,7397.36,CARD_ECOM,MER0014,DEBIT,,,,,
ACC00155,2026-06-30T11:38:51.817088,605.88,CARD_POS,MER0005,DEBIT,,,,,
ACC00155,2026-07-04T12:26:12.418875,6325.32,UPI_ECOM,MER0017,DEBIT,,,,,
ACC00155,2026-08-21T00:30:40.542370,5706.86,CARD_POS,MER0017,DEBIT,,,,,
ACC00155,2026-07-06T19:28:43.192462,566.61,CARD_ECOM,MER0033,DEBIT,,,,,
ACC00156,2026-07-23T03:15:18.655098,3719.11,UPI_ECOM,MER0004,DEBIT,,,,,
ACC00156,2026-07-03T11:26:17.284699,8004.01,CARD_POS,MER0038,DEBIT,,,,,
ACC00157,2026-07-19T15:37:18.936988,3536.96,CARD_POS,MER0020,DEBIT,,,,,
ACC00157,2026-08-06T17:41:19.789395,2810.61,WALLET,MER0016,DEBIT,,,,,
ACC00157,2026-08-29T21:13:10.577409,7827.97,CARD_POS,MER0002,DEBIT,,,,,
ACC00157,2026-08-15T22:16:15.454822,7034.44,UPI_ECOM,MER0009,DEBIT,,,,,
ACC00157,2026-07-22T01:51:58.180796,1462.36,WALLET,MER0005,DEBIT,,,,,
ACC00157,2026-07-29T18:07:14.662337,2930.69,WALLET,MER0010,DEBIT,,,,,
ACC00157,2026-08-03T17:42:53.160610,6981.09,WALLET,MER0036,DEBIT,,,,,
ACC00157,2026-08-10T08:26:50.757956,629.2,WALLET,MER0036,DEBIT,,,,,
ACC00157,2026-08-03T23:23:58.278439,2672.5,CARD_ECOM,MER0003,DEBIT,,,,,
ACC00158,2026-06-26T10:49:51.652294,3335.46,UPI_ECOM,MER0030,DEBIT,,,,,
ACC00158,2026-06-23T21:20:11.180709,4466.82,CARD_POS,MER0015,DEBIT,,,,,
ACC00158,2026-08-10T19:30:38.692586,7625.24,CARD_POS,MER0000,DEBIT,,,,,
ACC00158,2026-06-12T11:00:44.032990,6349.69,WALLET,MER0015,DEBIT,,,,,
ACC00158,2026-07-11T09:13:54.849874,3573.81,CARD_POS,MER0023,DEBIT,,,,,
ACC00158,2026-08-13T10:46:16.296017,7363.37,CARD_POS,MER0035,DEBIT,,,,,
ACC00158,2026-06-04T17:15:25.179475,8648.49,UPI_ECOM,MER0037,DEBIT,,,,,
ACC00158,2026-08-01T08:28:51.235667,1540.92,CARD_POS,MER0001,DEBIT,,,,,
ACC00158,2026-06-17T10:54:37.653974,1516.29,UPI_ECOM,MER0030,DEBIT,,,,,
ACC00158,2026-08-27T11:54:51.447894,4237.94,CARD_POS,MER0031,DEBIT,,,,,
ACC00158,2026-08-08T08:53:52.979533,3685.38,CARD_POS,MER0020,DEBIT,,,,,
ACC00159,2026-06-08T14:43:57.195233,3216.05,UPI_ECOM,MER0011,DEBIT,,,,,
ACC00159,2026-08-22T10:42:35.297114,4318.65,CARD_POS,MER0003,DEBIT,,,,,
ACC00159,2026-08-09T09:51:43.096215,702.57,UPI_ECOM,MER0037,DEBIT,,,,,
ACC00160,2026-08-30T17:14:41.426338,8369.36,WALLET,MER0033,DEBIT,,,,,
ACC00160,2026-08-26T18:57:23.990587,5956.52,UPI_ECOM,MER0005,DEBIT,,,,,
ACC00160,2026-07-23T19:58:21.309336,1212.49,CARD_POS,MER0004,DEBIT,,,,,
ACC00160,2026-07-02T01:39:35.346778,1951.6,UPI_ECOM,MER0026,DEBIT,,,,,
ACC00160,2026-06-20T09:16:27.494434,3456.43,CARD_POS,MER0015,DEBIT,,,,,
ACC00160,2026-07-03T19:31:09.776144,4068.64,CARD_ECOM,MER0021,DEBIT,,,,,
ACC00160,2026-07-23T21:36:11.378592,6243.72,UPI_ECOM,MER0036,DEBIT,,,,,
ACC00160,2026-08-26T02:38:34.608137,938.88,CARD_POS,MER0039,DEBIT,,,,,
ACC00160,2026-06-08T18:01:25.059941,1684.25,WALLET,MER0030,DEBIT,,,,,
ACC00160,2026-06-20T20:02:41.508569,5169.86,WALLET,MER0022,DEBIT,,,,,
ACC00160,2026-07-10T15:13:36.492781,6082.96,WALLET,MER0016,DEBIT,,,,,
ACC00160,2026-07-02T15:36:50.906053,7609.71,CARD_ECOM,MER0027,DEBIT,,,,,
ACC00161,2026-06-17T05:49:59.400276,4011.44,WALLET,MER0033,DEBIT,,,,,
ACC00161,2026-07-15T20:12:08.405960,7024.9,CARD_POS,MER0006,DEBIT,,,,,
ACC00161,2026-08-31T02:29:26.793744,4990.08,CARD_POS,MER0022,DEBIT,,,,,
ACC00161,2026-07-16T08:06:13.341940,6643.98,CARD_ECOM,MER0015,DEBIT,,,,,
ACC00161,2026-06-26T01:45:55.578126,6567.44,CARD_ECOM,MER0017,DEBIT,,,,,
ACC00161,2026-06-14T03:52:42.798187,8838.98,CARD_POS,MER0009,DEBIT,,,,,
ACC00161,2026-07-19T12:58:54.606060,2217.92,WALLET,MER0032,DEBIT,,,,,
ACC00162,2026-06-24T00:52:28.402712,3626.37,CARD_ECOM,MER0030,DEBIT,,,,,
ACC00162,2026-08-05T09:44:09.513796,4863.09,UPI_ECOM,MER0032,DEBIT,,,,,
ACC00162,2026-06-28T00:18:31.743597,5748.13,CARD_ECOM,MER0007,DEBIT,,,,,
ACC00162,2026-07-08T04:38:25.562464,6332.09,WALLET,MER0013,DEBIT,,,,,
ACC00162,2026-08-14T21:58:21.725603,4672.16,WALLET,MER0037,DEBIT,,,,,
ACC00162,2026-06-16T02:34:22.874118,6964.03,UPI_ECOM,MER0035,DEBIT,,,,,
ACC00162,2026-08-02T16:53:29.041782,2096.44,WALLET,MER0005,DEBIT,,,,,
ACC00163,2026-07-20T05:46:39.835342,4071.18,CARD_ECOM,MER0031,DEBIT,,,,,
ACC00163,2026-06-14T20:39:44.897100,1118.53,WALLET,MER0035,DEBIT,,,,,
ACC00163,2026-06-30T22:49:44.337369,559.18,UPI_ECOM,MER0004,DEBIT,,,,,
ACC00163,2026-06-27T21:59:12.066127,3127.58,CARD_POS,MER0038,DEBIT,,,,,
ACC00164,2026-07-20T11:20:21.841407,5224.47,CARD_POS,MER0019,DEBIT,,,,,
ACC00164,2026-06-03T10:16:12.404994,8553.23,UPI_ECOM,MER0035,DEBIT,,,,,
ACC00164,2026-07-30T04:37:06.876455,5118.63,CARD_ECOM,MER0023,DEBIT,,,,,
ACC00164,2026-08-18T17:13:50.330572,6750.85,UPI_ECOM,MER0034,DEBIT,,,,,
ACC00164,2026-07-07T11:44:11.414321,4799.74,WALLET,MER0013,DEBIT,,,,,
ACC00164,2026-07-31T10:49:42.909629,1648.97,CARD_POS,MER0022,DEBIT,,,,,
ACC00165,2026-08-02T23:50:37.194199,7549.58,CARD_POS,MER0006,DEBIT,,,,,
ACC00165,2026-07-18T09:02:29.833061,6612.33,CARD_ECOM,MER0000,DEBIT,,,,,
ACC00166,2026-07-12T20:20:28.312853,8302.62,CARD_POS,MER0029,DEBIT,,,,,
ACC00166,2026-06-10T11:51:45.127146,5604.29,UPI_ECOM,MER0039,DEBIT,,,,,
ACC00166,2026-08-10T01:40:27.248107,8476.12,UPI_ECOM,MER0005,DEBIT,,,,,
ACC00167,2026-06-19T09:26:07.054548,6174.45,CARD_ECOM,MER0002,DEBIT,,,,,
ACC00167,2026-06-27T22:27:26.036402,4723.35,CARD_ECOM,MER0018,DEBIT,,,,,
ACC00167,2026-06-09T00:15:42.738816,2993.26,WALLET,MER0007,DEBIT,,,,,
ACC00168,2026-06-06T20:49:57.256552,4709.23,CARD_POS,MER0010,DEBIT,,,,,
ACC00168,2026-07-15T07:55:12.761426,2888.55,WALLET,MER0003,DEBIT,,,,,
ACC00168,2026-07-18T23:04:50.086951,8201.43,WALLET,MER0030,DEBIT,,,,,
ACC00168,2026-08-08T10:32:31.805575,2398.54,CARD_POS,MER0037,DEBIT,,,,,
ACC00168,2026-07-03T16:41:37.837507,2655.88,CARD_POS,MER0018,DEBIT,,,,,
ACC00168,2026-07-03T22:31:37.074687,5042.88,WALLET,MER0025,DEBIT,,,,,
ACC00168,2026-07-02T06:34:46.855251,3108.21,WALLET,MER0014,DEBIT,,,,,
ACC00168,2026-07-02T04:57:35.352010,3126.18,UPI_ECOM,MER0027,DEBIT,,,,,
ACC00168,2026-06-16T08:57:50.741539,1733.24,WALLET,MER0014,DEBIT,,,,,
ACC00168,2026-07-22T07:45:09.870735,3557.14,CARD_ECOM,MER0032,DEBIT,,,,,
ACC00168,2026-08-25T22:05:19.876717,8818.56,UPI_ECOM,MER0026,DEBIT,,,,,
ACC00169,2026-06-20T03:02:27.162948,7106.65,CARD_POS,MER0037,DEBIT,,,,,
ACC00169,2026-08-22T02:39:58.133183,7100.72,WALLET,MER0006,DEBIT,,,,,
ACC00169,2026-08-22T18:16:49.244134,4739.16,CARD_POS,MER0021,DEBIT,,,,,
ACC00169,2026-06-16T08:55:23.355804,828.77,CARD_POS,MER0027,DEBIT,,,,,
ACC00169,2026-07-14T01:09:19.977124,4679.15,UPI_ECOM,MER0012,DEBIT,,,,,
ACC00169,2026-07-08T09:57:03.174877,8985.83,UPI_ECOM,MER0029,DEBIT,,,,,
ACC00169,2026-06-09T19:11:14.249678,5874.48,CARD_POS,MER0033,DEBIT,,,,,
ACC00169,2026-06-21T07:11:06.620820,2097.11,WALLET,MER0006,DEBIT,,,,,
ACC00169,2026-06-14T04:21:46.942820,1377.94,WALLET,MER0025,DEBIT,,,,,
ACC00169,2026-07-10T14:10:17.040694,1447.14,UPI_ECOM,MER0001,DEBIT,,,,,
ACC00170,2026-06-04T07:26:58.638405,1918.95,WALLET,MER0029,DEBIT,,,,,
ACC00170,2026-07-20T12:37:47.135630,1095.03,CARD_POS,MER0001,DEBIT,,,,,
ACC00170,2026-07-08T01:17:56.650336,393.3,UPI_ECOM,MER0010,DEBIT,,,,,
ACC00170,2026-08-18T01:39:04.757935,1516.32,CARD_POS,MER0039,DEBIT,,,,,
ACC00170,2026-06-21T16:27:22.146088,1374.51,CARD_POS,MER0004,DEBIT,,,,,
ACC00171,2026-06-11T17:05:11.104631,7876.16,CARD_POS,MER0039,DEBIT,,,,,
ACC00171,2026-07-09T02:23:22.154677,5053.8,CARD_POS,MER0033,DEBIT,,,,,
ACC00171,2026-07-09T06:48:30.557432,5698.32,UPI_ECOM,MER0009,DEBIT,,,,,
ACC00171,2026-06-19T03:20:02.377992,7149.64,UPI_ECOM,MER0022,DEBIT,,,,,
ACC00171,2026-08-17T17:28:01.183142,8454.74,CARD_POS,MER0030,DEBIT,,,,,
ACC00171,2026-06-04T15:27:14.010507,1004.78,CARD_ECOM,MER0030,DEBIT,,,,,
ACC00172,2026-08-01T09:38:47.785591,5112.14,WALLET,MER0035,DEBIT,,,,,
ACC00172,2026-07-07T06:27:33.765917,7701.36,UPI_ECOM,MER0012,DEBIT,,,,,
ACC00172,2026-07-12T06:09:42.698782,1978.99,UPI_ECOM,MER0025,DEBIT,,,,,
ACC00172,2026-08-20T04:35:42.212382,968.7,CARD_POS,MER0017,DEBIT,,,,,
ACC00173,2026-08-19T15:31:49.343386,5188.38,WALLET,MER0017,DEBIT,,,,,
ACC00173,2026-08-06T19:52:55.857692,4374.24,CARD_POS,MER0005,DEBIT,,,,,
ACC00173,2026-06-13T21:10:24.606514,3699.77,WALLET,MER0004,DEBIT,,,,,
ACC00173,2026-08-27T05:28:25.471486,4313.8,WALLET,MER0028,DEBIT,,,,,
ACC00173,2026-08-10T10:27:13.142030,1769.45,CARD_ECOM,MER0014,DEBIT,,,,,
ACC00173,2026-08-11T01:24:46.304393,7138.8,CARD_POS,MER0029,DEBIT,,,,,
ACC00173,2026-06-13T19:12:39.787400,2829.43,WALLET,MER0021,DEBIT,,,,,
ACC00174,2026-06-13T15:50:41.328173,8820.74,CARD_POS,MER0032,DEBIT,,,,,
ACC00174,2026-08-12T17:13:20.219882,579.6,UPI_ECOM,MER0001,DEBIT,,,,,
ACC00174,2026-08-09T12:21:28.738824,6916.56,CARD_ECOM,MER0014,DEBIT,,,,,
ACC00174,2026-07-10T23:52:04.983295,3093.47,CARD_ECOM,MER0034,DEBIT,,,,,
ACC00174,2026-06-04T11:19:35.019596,1747.13,CARD_POS,MER0036,DEBIT,,,,,
ACC00174,2026-07-12T19:00:08.312665,2888.89,CARD_POS,MER0005,DEBIT,,,,,
ACC00174,2026-08-19T23:05:50.646322,6617.72,UPI_ECOM,MER0025,DEBIT,,,,,
ACC00174,2026-06-03T03:35:53.313265,7262.77,CARD_POS,MER0038,DEBIT,,,,,
ACC00174,2026-07-07T15:06:19.596957,3923.04,UPI_ECOM,MER0014,DEBIT,,,,,
ACC00174,2026-08-17T05:28:34.991837,695.59,UPI_ECOM,MER0035,DEBIT,,,,,
ACC00174,2026-07-14T22:53:46.824708,6791.03,WALLET,MER0011,DEBIT,,,,,
ACC00174,2026-07-13T18:52:42.735942,8958.81,CARD_POS,MER0008,DEBIT,,,,,
ACC00175,2026-07-21T08:03:17.036527,7370.87,WALLET,MER0029,DEBIT,,,,,
ACC00175,2026-08-15T15:03:28.386370,3137.42,UPI_ECOM,MER0037,DEBIT,,,,,
ACC00175,2026-08-23T15:34:31.587084,3550.38,UPI_ECOM,MER0021,DEBIT,,,,,
ACC00175,2026-08-27T23:49:10.179727,2306.73,WALLET,MER0001,DEBIT,,,,,
ACC00176,2026-08-27T20:26:29.017454,3953.72,UPI_ECOM,MER0004,DEBIT,,,,,
ACC00176,2026-06-03T12:16:04.935562,7842.99,WALLET,MER0038,DEBIT,,,,,
ACC00176,2026-08-01T19:39:59.506692,5234.36,CARD_ECOM,MER0030,DEBIT,,,,,
ACC00176,2026-08-29T21:49:37.367358,976.74,WALLET,MER0004,DEBIT,,,,,
ACC00176,2026-06-06T01:29:01.612436,884.45,CARD_POS,MER0001,DEBIT,,,,,
ACC00176,2026-07-20T08:21:42.375114,7853.63,UPI_ECOM,MER0023,DEBIT,,,,,
ACC00176,2026-07-26T14:22:25.640145,7824.18,CARD_POS,MER0007,DEBIT,,,,,
ACC00176,2026-06-14T00:39:20.655833,4086.98,UPI_ECOM,MER0005,DEBIT,,,,,
ACC00176,2026-08-05T00:57:44.490579,1999.62,UPI_ECOM,MER0002,DEBIT,,,,,
ACC00176,2026-08-18T13:08:30.817997,7893.11,UPI_ECOM,MER0024,DEBIT,,,,,
ACC00176,2026-07-12T05:18:29.993620,880.26,CARD_POS,MER0000,DEBIT,,,,,
ACC00177,2026-08-03T06:39:38.974584,6099.4,UPI_ECOM,MER0028,DEBIT,,,,,
ACC00177,2026-07-09T16:58:42.279291,7476.37,UPI_ECOM,MER0009,DEBIT,,,,,
ACC00177,2026-08-16T09:59:51.818323,4352.46,CARD_POS,MER0036,DEBIT,,,,,
ACC00177,2026-06-29T21:39:49.072828,1798.49,WALLET,MER0038,DEBIT,,,,,
ACC00177,2026-08-29T08:58:05.558028,8980.49,UPI_ECOM,MER0034,DEBIT,,,,,
ACC00177,2026-07-19T14:11:00.619038,7100.32,UPI_ECOM,MER0037,DEBIT,,,,,
ACC00177,2026-07-12T02:12:30.545573,7233.41,UPI_ECOM,MER0018,DEBIT,,,,,
ACC00177,2026-07-02T09:40:47.252312,4793.07,UPI_ECOM,MER0011,DEBIT,,,,,
ACC00178,2026-07-23T03:06:30.424484,7743.8,CARD_ECOM,MER0029,DEBIT,,,,,
ACC00178,2026-07-20T08:15:08.493558,320.85,UPI_ECOM,MER0014,DEBIT,,,,,
ACC00178,2026-06-18T23:22:01.920498,8451.67,UPI_ECOM,MER0004,DEBIT,,,,,
ACC00178,2026-06-12T08:35:48.199923,1962.55,UPI_ECOM,MER0020,DEBIT,,,,,
ACC00178,2026-07-12T13:44:40.977932,2234.01,UPI_ECOM,MER0031,DEBIT,,,,,
ACC00178,2026-07-02T11:06:00.636277,7676.95,UPI_ECOM,MER0033,DEBIT,,,,,
ACC00178,2026-08-13T03:23:17.898723,6723.52,CARD_POS,MER0016,DEBIT,,,,,
ACC00179,2026-07-29T09:50:20.822033,822.5,CARD_ECOM,MER0035,DEBIT,,,,,
ACC00179,2026-06-20T09:15:33.111272,2899.51,CARD_ECOM,MER0032,DEBIT,,,,,
ACC00179,2026-06-09T01:25:07.708532,8253.57,CARD_POS,MER0032,DEBIT,,,,,
ACC00179,2026-07-22T09:10:11.011122,3487.5,UPI_ECOM,MER0018,DEBIT,,,,,
ACC00180,2026-06-22T17:43:41.301789,1297.9,UPI_ECOM,MER0033,DEBIT,,,,,
ACC00180,2026-08-25T18:16:26.055941,8799.44,WALLET,MER0000,DEBIT,,,,,
ACC00180,2026-06-28T07:31:55.249825,4402.99,UPI_ECOM,MER0010,DEBIT,,,,,
ACC00180,2026-08-12T02:28:49.986815,5598.37,UPI_ECOM,MER0002,DEBIT,,,,,
ACC00180,2026-08-31T00:10:58.410444,349.88,UPI_ECOM,MER0009,DEBIT,,,,,
ACC00180,2026-07-22T20:38:27.626204,7198.11,UPI_ECOM,MER0020,DEBIT,,,,,
ACC00180,2026-06-30T02:23:19.114065,2494.42,WALLET,MER0026,DEBIT,,,,,
ACC00180,2026-06-05T12:32:42.467923,797.26,WALLET,MER0001,DEBIT,,,,,
ACC00181,2026-06-24T08:09:22.325309,2462.08,UPI_ECOM,MER0039,DEBIT,,,,,
ACC00181,2026-08-16T07:47:58.771148,1944.0,WALLET,MER0032,DEBIT,,,,,
ACC00181,2026-08-25T11:26:29.868847,4178.93,WALLET,MER0023,DEBIT,,,,,
ACC00181,2026-06-07T08:10:45.908169,2758.11,CARD_ECOM,MER0031,DEBIT,,,,,
ACC00181,2026-08-15T13:43:53.600582,6509.2,CARD_ECOM,MER0014,DEBIT,,,,,
ACC00181,2026-07-21T03:12:04.388217,7080.58,CARD_ECOM,MER0033,DEBIT,,,,,
ACC00182,2026-07-13T21:57:51.422653,2285.87,CARD_ECOM,MER0021,DEBIT,,,,,
ACC00182,2026-08-04T21:02:15.448099,8892.98,WALLET,MER0037,DEBIT,,,,,
ACC00182,2026-08-14T14:27:49.630752,5984.07,CARD_POS,MER0007,DEBIT,,,,,
ACC00182,2026-08-15T22:30:42.832056,5459.27,CARD_POS,MER0000,DEBIT,,,,,
ACC00182,2026-06-29T00:58:04.082464,2891.37,WALLET,MER0023,DEBIT,,,,,
ACC00183,2026-07-22T18:47:41.051980,3586.85,CARD_POS,MER0010,DEBIT,,,,,
ACC00183,2026-06-28T12:52:40.686811,4865.24,CARD_ECOM,MER0028,DEBIT,,,,,
ACC00183,2026-08-02T16:39:06.427142,3722.27,WALLET,MER0002,DEBIT,,,,,
ACC00183,2026-08-04T21:50:49.233874,5069.96,WALLET,MER0038,DEBIT,,,,,
ACC00183,2026-08-01T08:14:38.663623,833.37,WALLET,MER0036,DEBIT,,,,,
ACC00183,2026-07-27T21:03:26.433970,8701.47,WALLET,MER0031,DEBIT,,,,,
ACC00183,2026-08-21T14:57:54.949298,3306.82,CARD_POS,MER0016,DEBIT,,,,,
ACC00183,2026-08-19T03:39:28.583274,5955.21,CARD_POS,MER0029,DEBIT,,,,,
ACC00183,2026-08-01T23:59:04.006284,5286.34,UPI_ECOM,MER0036,DEBIT,,,,,
ACC00183,2026-06-13T17:40:47.065117,5344.93,UPI_ECOM,MER0028,DEBIT,,,,,
ACC00183,2026-06-15T00:15:43.290152,7096.26,CARD_ECOM,MER0010,DEBIT,,,,,
ACC00184,2026-06-08T03:02:25.041578,8113.16,CARD_ECOM,MER0023,DEBIT,,,,,
ACC00184,2026-08-19T19:12:17.581303,2065.85,CARD_ECOM,MER0000,DEBIT,,,,,
ACC00184,2026-07-11T07:53:31.431434,2128.71,CARD_ECOM,MER0018,DEBIT,,,,,
ACC00184,2026-08-05T01:54:23.590036,8269.56,CARD_ECOM,MER0016,DEBIT,,,,,
ACC00185,2026-07-23T03:07:36.261159,7039.35,WALLET,MER0020,DEBIT,,,,,
ACC00185,2026-08-16T14:20:35.884899,814.02,UPI_ECOM,MER0037,DEBIT,,,,,
ACC00185,2026-08-12T08:57:03.139900,8514.89,UPI_ECOM,MER0025,DEBIT,,,,,
ACC00185,2026-06-21T20:36:11.507146,5485.48,UPI_ECOM,MER0032,DEBIT,,,,,
ACC00185,2026-07-24T18:04:32.582511,3330.67,WALLET,MER0032,DEBIT,,,,,
ACC00185,2026-06-28T00:41:51.727244,3514.24,CARD_ECOM,MER0002,DEBIT,,,,,
ACC00185,2026-07-13T15:57:29.077071,969.23,CARD_POS,MER0013,DEBIT,,,,,
ACC00185,2026-08-08T09:46:59.347284,7596.27,CARD_ECOM,MER0027,DEBIT,,,,,
ACC00185,2026-07-05T18:27:02.892113,8606.15,CARD_ECOM,MER0009,DEBIT,,,,,
ACC00186,2026-06-09T08:11:25.904546,2282.72,CARD_ECOM,MER0003,DEBIT,,,,,
ACC00186,2026-08-13T07:06:09.518386,8370.28,UPI_ECOM,MER0034,DEBIT,,,,,
ACC00186,2026-06-26T04:20:01.294842,2731.31,CARD_POS,MER0001,DEBIT,,,,,
ACC00186,2026-08-08T07:23:36.727272,3381.95,WALLET,MER0005,DEBIT,,,,,
ACC00186,2026-08-29T19:40:28.384796,686.15,CARD_ECOM,MER0036,DEBIT,,,,,
ACC00186,2026-06-26T01:37:10.314016,5355.76,WALLET,MER0022,DEBIT,,,,,
ACC00186,2026-08-16T22:11:42.657383,5073.21,CARD_ECOM,MER0038,DEBIT,,,,,
ACC00186,2026-08-10T15:16:55.652210,6702.47,WALLET,MER0032,DEBIT,,,,,
ACC00187,2026-07-25T18:26:16.277163,4974.2,WALLET,MER0006,DEBIT,,,,,
ACC00187,2026-07-15T12:39:09.705395,3606.24,WALLET,MER0017,DEBIT,,,,,
ACC00187,2026-06-11T05:57:30.852740,3113.32,CARD_ECOM,MER0036,DEBIT,,,,,
ACC00187,2026-08-24T21:12:41.396554,6037.95,CARD_ECOM,MER0016,DEBIT,,,,,
ACC00188,2026-08-28T00:51:01.918444,2620.53,WALLET,MER0006,DEBIT,,,,,
ACC00188,2026-07-26T14:08:19.589465,5717.03,WALLET,MER0032,DEBIT,,,,,
ACC00188,2026-07-21T19:10:27.045287,6906.3,CARD_POS,MER0029,DEBIT,,,,,
ACC00188,2026-08-23T02:21:43.553644,1737.63,WALLET,MER0026,DEBIT,,,,,
ACC00188,2026-08-24T05:50:45.118964,6057.76,CARD_ECOM,MER0031,DEBIT,,,,,
ACC00188,2026-07-02T23:11:44.814560,400.51,UPI_ECOM,MER0035,DEBIT,,,,,
ACC00188,2026-06-10T02:08:48.371445,2033.37,UPI_ECOM,MER0000,DEBIT,,,,,
ACC00189,2026-07-14T03:02:52.802404,1092.5,CARD_ECOM,MER0034,DEBIT,,,,,
ACC00189,2026-08-17T19:54:15.409819,1832.65,CARD_POS,MER0030,DEBIT,,,,,
ACC00189,2026-08-06T19:02:49.353958,7013.39,UPI_ECOM,MER0021,DEBIT,,,,,
ACC00189,2026-07-16T09:43:48.734151,1590.29,CARD_ECOM,MER0031,DEBIT,,,,,
ACC00189,2026-07-27T13:54:45.059023,1058.48,CARD_POS,MER0036,DEBIT,,,,,
ACC00189,2026-08-17T17:08:54.023764,1328.54,UPI_ECOM,MER0030,DEBIT,,,,,
ACC00189,2026-07-31T05:21:54.979556,8895.57,CARD_POS,MER0009,DEBIT,,,,,
ACC00189,2026-08-04T02:54:35.304339,8892.04,CARD_POS,MER0032,DEBIT,,,,,
ACC00189,2026-07-25T19:55:15.273302,3382.95,WALLET,MER0027,DEBIT,,,,,
ACC00189,2026-07-20T09:58:26.469215,2369.06,CARD_ECOM,MER0018,DEBIT,,,,,
ACC00189,2026-07-08T07:50:32.816572,6310.2,CARD_POS,MER0018,DEBIT,,,,,
ACC00190,2026-08-18T08:48:32.791493,909.9,WALLET,MER0011,DEBIT,,,,,
ACC00190,2026-08-28T12:53:15.896372,641.04,CARD_ECOM,MER0012,DEBIT,,,,,
ACC00190,2026-07-04T08:15:45.279055,5351.6,CARD_ECOM,MER0015,DEBIT,,,,,
ACC00190,2026-06-21T02:38:15.936452,2434.84,CARD_ECOM,MER0000,DEBIT,,,,,
ACC00190,2026-08-21T17:46:18.865186,4433.81,CARD_ECOM,MER0036,DEBIT,,,,,
ACC00190,2026-07-15T04:29:56.770162,4388.77,CARD_POS,MER0007,DEBIT,,,,,
ACC00191,2026-07-01T08:44:11.787892,8755.83,CARD_ECOM,MER0000,DEBIT,,,,,
ACC00191,2026-08-03T23:10:21.758435,5367.17,WALLET,MER0028,DEBIT,,,,,
ACC00191,2026-06-20T07:41:20.331654,8427.7,WALLET,MER0027,DEBIT,,,,,
ACC00191,2026-06-15T17:08:14.077440,4433.76,WALLET,MER0022,DEBIT,,,,,
ACC00191,2026-08-07T15:19:50.476879,5354.15,WALLET,MER0003,DEBIT,,,,,
ACC00191,2026-06-27T18:39:31.967321,3028.25,UPI_ECOM,MER0027,DEBIT,,,,,
ACC00192,2026-06-13T16:25:47.960839,1463.47,UPI_ECOM,MER0035,DEBIT,,,,,
ACC00192,2026-08-04T01:01:27.385825,7478.5,CARD_ECOM,MER0014,DEBIT,,,,,
ACC00192,2026-08-28T21:49:33.402226,3294.38,CARD_POS,MER0016,DEBIT,,,,,
ACC00192,2026-07-15T13:45:25.651061,5595.74,WALLET,MER0000,DEBIT,,,,,
ACC00192,2026-08-23T04:05:52.892718,4643.23,WALLET,MER0014,DEBIT,,,,,
ACC00193,2026-08-28T10:35:44.993759,2370.89,UPI_ECOM,MER0019,DEBIT,,,,,
ACC00193,2026-07-30T06:21:53.220894,5803.69,UPI_ECOM,MER0028,DEBIT,,,,,
ACC00193,2026-07-09T21:14:15.331424,2227.37,WALLET,MER0024,DEBIT,,,,,
ACC00193,2026-08-07T05:11:46.900483,6032.28,CARD_POS,MER0023,DEBIT,,,,,
ACC00193,2026-08-13T04:35:08.744707,3920.16,WALLET,MER0021,DEBIT,,,,,
ACC00194,2026-07-21T00:26:41.877248,2949.95,CARD_ECOM,MER0039,DEBIT,,,,,
ACC00194,2026-06-29T17:28:59.894838,2278.74,CARD_ECOM,MER0027,DEBIT,,,,,
ACC00194,2026-08-07T03:43:45.367680,3790.88,CARD_POS,MER0009,DEBIT,,,,,
ACC00194,2026-06-12T09:53:20.592434,5267.43,WALLET,MER0026,DEBIT,,,,,
ACC00194,2026-07-11T12:47:57.027644,8926.88,CARD_POS,MER0025,DEBIT,,,,,
ACC00195,2026-07-07T20:07:19.002052,2340.27,WALLET,MER0039,DEBIT,,,,,
ACC00195,2026-07-09T20:35:01.102241,2564.22,WALLET,MER0018,DEBIT,,,,,
ACC00195,2026-08-12T10:58:40.487874,6789.89,CARD_POS,MER0003,DEBIT,,,,,
ACC00195,2026-07-24T23:27:58.279251,7775.3,CARD_POS,MER0024,DEBIT,,,,,
ACC00195,2026-06-29T09:45:04.322903,5771.2,CARD_ECOM,MER0015,DEBIT,,,,,
ACC00195,2026-08-25T06:57:46.540762,8189.54,CARD_POS,MER0001,DEBIT,,,,,
ACC00195,2026-08-01T16:55:47.391807,1392.87,CARD_ECOM,MER0036,DEBIT,,,,,
ACC00195,2026-07-06T00:13:58.814352,6961.87,WALLET,MER0020,DEBIT,,,,,
ACC00196,2026-07-16T08:54:51.542799,8225.09,UPI_ECOM,MER0002,DEBIT,,,,,
ACC00196,2026-08-06T03:34:57.269562,610.18,WALLET,MER0038,DEBIT,,,,,
ACC00196,2026-06-03T12:56:39.012998,3451.39,CARD_ECOM,MER0034,DEBIT,,,,,
ACC00196,2026-06-29T12:01:17.087949,1268.53,UPI_ECOM,MER0017,DEBIT,,,,,
ACC00196,2026-06-06T19:30:33.711434,6330.98,UPI_ECOM,MER0011,DEBIT,,,,,
ACC00196,2026-08-04T10:35:19.520157,4766.01,CARD_ECOM,MER0004,DEBIT,,,,,
ACC00196,2026-06-22T09:48:02.793547,3548.52,WALLET,MER0022,DEBIT,,,,,
ACC00197,2026-08-25T05:48:10.200884,2021.23,WALLET,MER0018,DEBIT,,,,,
ACC00197,2026-06-07T20:19:15.643980,5962.93,CARD_POS,MER0017,DEBIT,,,,,
ACC00197,2026-08-04T04:39:18.683272,4597.79,UPI_ECOM,MER0001,DEBIT,,,,,
ACC00197,2026-07-06T16:22:21.608479,3767.18,WALLET,MER0035,DEBIT,,,,,
ACC00197,2026-08-15T17:16:27.154868,8735.83,WALLET,MER0000,DEBIT,,,,,
ACC00197,2026-08-30T01:32:18.051391,3405.44,CARD_POS,MER0030,DEBIT,,,,,
ACC00197,2026-07-15T03:11:18.947983,1407.43,CARD_POS,MER0037,DEBIT,,,,,
ACC00197,2026-08-07T01:45:20.488399,5623.2,CARD_ECOM,MER0030,DEBIT,,,,,
ACC00197,2026-08-12T16:35:12.233910,1690.94,CARD_ECOM,MER0021,DEBIT,,,,,
ACC00198,2026-08-17T20:50:43.441807,3248.05,WALLET,MER0013,DEBIT,,,,,
ACC00198,2026-07-20T13:58:01.144491,8389.34,UPI_ECOM,MER0038,DEBIT,,,,,
ACC00198,2026-08-16T13:57:42.148912,5302.91,UPI_ECOM,MER0020,DEBIT,,,,,
ACC00198,2026-07-28T14:49:18.194172,7824.2,WALLET,MER0007,DEBIT,,,,,
ACC00198,2026-07-13T10:00:30.264009,5719.67,UPI_ECOM,MER0015,DEBIT,,,,,
ACC00198,2026-08-18T15:02:22.463232,5690.24,WALLET,MER0000,DEBIT,,,,,
ACC00198,2026-08-29T21:15:08.164687,3673.11,UPI_ECOM,MER0003,DEBIT,,,,,
ACC00198,2026-07-17T11:42:48.154527,5878.1,CARD_ECOM,MER0032,DEBIT,,,,,
ACC00199,2026-08-05T00:17:25.267240,359.07,WALLET,MER0004,DEBIT,,,,,
ACC00199,2026-06-23T20:14:09.492822,2645.84,WALLET,MER0039,DEBIT,,,,,
ACC00199,2026-07-23T08:22:07.146778,4803.53,CARD_POS,MER0035,DEBIT,,,,,
ACC00199,2026-06-12T10:32:58.461600,2356.68,UPI_ECOM,MER0037,DEBIT,,,,,
ACC00200,2026-08-01T01:47:24.337828,1065.92,CARD_POS,MER0036,DEBIT,,,,,
ACC00200,2026-07-18T07:31:35.770275,4427.25,UPI_ECOM,MER0021,DEBIT,,,,,
ACC00200,2026-06-06T01:16:00.567206,1049.55,CARD_ECOM,MER0037,DEBIT,,,,,
ACC00200,2026-08-06T11:24:55.461853,7384.35,CARD_ECOM,MER0023,DEBIT,,,,,
ACC00200,2026-06-17T16:00:02.775421,3375.89,UPI_ECOM,MER0036,DEBIT,,,,,
ACC00200,2026-08-03T03:39:30.990277,8255.56,UPI_ECOM,MER0015,DEBIT,,,,,
ACC00200,2026-08-29T07:17:41.523451,807.55,CARD_POS,MER0018,DEBIT,,,,,
ACC00200,2026-06-10T12:57:12.840860,1444.71,UPI_ECOM,MER0014,DEBIT,,,,,
ACC00200,2026-07-17T04:59:23.928800,7614.34,CARD_POS,MER0024,DEBIT,,,,,
ACC00200,2026-08-27T21:57:58.306959,7054.15,CARD_ECOM,MER0002,DEBIT,,,,,
ACC00200,2026-07-08T07:51:18.415104,4747.73,CARD_POS,MER0002,DEBIT,,,,,
ACC00201,2026-07-12T08:26:59.358438,6792.29,CARD_ECOM,MER0020,DEBIT,,,,,
ACC00201,2026-06-17T00:46:42.790025,8813.36,WALLET,MER0010,DEBIT,,,,,
ACC00201,2026-08-02T16:08:51.469627,5859.01,UPI_ECOM,MER0012,DEBIT,,,,,
ACC00201,2026-08-11T10:14:39.085852,8473.02,WALLET,MER0000,DEBIT,,,,,
ACC00201,2026-08-21T03:10:05.287162,3302.29,UPI_ECOM,MER0000,DEBIT,,,,,
ACC00201,2026-08-27T08:03:11.679465,8169.03,CARD_POS,MER0038,DEBIT,,,,,
ACC00202,2026-08-14T23:17:25.836200,4936.3,CARD_POS,MER0010,DEBIT,,,,,
ACC00202,2026-08-23T22:11:43.351475,4051.69,UPI_ECOM,MER0036,DEBIT,,,,,
ACC00202,2026-06-18T05:36:57.893418,4514.21,WALLET,MER0009,DEBIT,,,,,
ACC00202,2026-07-22T01:37:32.528896,1493.93,UPI_ECOM,MER0001,DEBIT,,,,,
ACC00202,2026-08-23T10:42:11.974002,7989.27,CARD_POS,MER0018,DEBIT,,,,,
ACC00202,2026-08-01T08:50:47.415952,3437.8,UPI_ECOM,MER0034,DEBIT,,,,,
ACC00202,2026-07-01T05:11:26.275768,6142.13,WALLET,MER0006,DEBIT,,,,,
ACC00202,2026-07-26T10:45:07.736316,6337.58,UPI_ECOM,MER0032,DEBIT,,,,,
ACC00202,2026-08-15T14:38:32.108955,8529.67,WALLET,MER0005,DEBIT,,,,,
ACC00202,2026-06-18T08:55:00.873342,2525.16,UPI_ECOM,MER0024,DEBIT,,,,,
ACC00202,2026-07-30T01:40:35.425494,1908.44,CARD_ECOM,MER0005,DEBIT,,,,,
ACC00203,2026-06-22T02:46:30.419240,4728.5,WALLET,MER0005,DEBIT,,,,,
ACC00203,2026-06-19T13:38:14.104798,6101.19,UPI_ECOM,MER0008,DEBIT,,,,,
ACC00203,2026-08-05T19:47:16.011885,4692.94,CARD_ECOM,MER0002,DEBIT,,,,,
ACC00203,2026-07-06T07:47:41.101382,8941.09,CARD_POS,MER0021,DEBIT,,,,,
ACC00203,2026-06-09T00:23:48.575067,977.95,UPI_ECOM,MER0032,DEBIT,,,,,
ACC00203,2026-08-05T17:28:36.890749,5272.41,WALLET,MER0029,DEBIT,,,,,
ACC00203,2026-07-05T19:44:55.325348,1977.92,WALLET,MER0008,DEBIT,,,,,
ACC00203,2026-06-03T00:09:07.606590,5345.16,WALLET,MER0034,DEBIT,,,,,
ACC00203,2026-07-15T21:37:57.274843,4948.17,CARD_ECOM,MER0036,DEBIT,,,,,
ACC00203,2026-08-18T15:15:21.933917,3846.28,UPI_ECOM,MER0021,DEBIT,,,,,
ACC00203,2026-07-21T09:09:01.534581,6082.22,UPI_ECOM,MER0026,DEBIT,,,,,
ACC00204,2026-08-12T19:40:56.258467,6602.53,CARD_POS,MER0034,DEBIT,,,,,
ACC00204,2026-08-27T19:35:29.439765,4750.05,WALLET,MER0036,DEBIT,,,,,
ACC00204,2026-06-07T20:41:17.001486,6432.83,UPI_ECOM,MER0004,DEBIT,,,,,
ACC00204,2026-06-23T06:18:10.546662,8386.26,UPI_ECOM,MER0027,DEBIT,,,,,
ACC00204,2026-07-24T23:49:47.157677,4502.24,UPI_ECOM,MER0033,DEBIT,,,,,
ACC00204,2026-06-05T10:32:55.479469,1319.83,WALLET,MER0002,DEBIT,,,,,
ACC00204,2026-07-13T03:56:32.679890,5660.61,CARD_ECOM,MER0010,DEBIT,,,,,
ACC00204,2026-06-20T21:16:25.229013,6247.4,CARD_ECOM,MER0005,DEBIT,,,,,
ACC00205,2026-07-07T22:51:59.941924,3984.05,CARD_ECOM,MER0029,DEBIT,,,,,
ACC00205,2026-06-11T13:47:26.555360,2987.94,WALLET,MER0027,DEBIT,,,,,
ACC00205,2026-07-01T18:11:09.939025,4367.24,CARD_POS,MER0037,DEBIT,,,,,
ACC00205,2026-07-21T18:40:11.297271,7309.31,WALLET,MER0006,DEBIT,,,,,
ACC00206,2026-08-26T07:52:59.975595,7494.3,CARD_POS,MER0006,DEBIT,,,,,
ACC00206,2026-07-28T04:40:34.353320,1294.62,CARD_ECOM,MER0033,DEBIT,,,,,
ACC00206,2026-07-24T14:33:42.847701,2219.58,CARD_ECOM,MER0011,DEBIT,,,,,
ACC00206,2026-07-24T22:22:02.021464,1327.85,WALLET,MER0020,DEBIT,,,,,
ACC00206,2026-08-20T11:36:08.380080,8519.81,WALLET,MER0011,DEBIT,,,,,
ACC00206,2026-07-08T12:19:58.993565,3594.1,UPI_ECOM,MER0023,DEBIT,,,,,
ACC00206,2026-08-05T15:48:48.250409,4100.76,UPI_ECOM,MER0003,DEBIT,,,,,
ACC00206,2026-08-26T22:42:54.471373,2972.0,WALLET,MER0024,DEBIT,,,,,
ACC00206,2026-06-05T15:07:50.865352,5844.3,WALLET,MER0000,DEBIT,,,,,
ACC00206,2026-07-07T13:59:12.177707,3476.43,UPI_ECOM,MER0003,DEBIT,,,,,
ACC00206,2026-07-14T22:43:36.679946,1526.56,UPI_ECOM,MER0027,DEBIT,,,,,
ACC00207,2026-07-08T07:55:42.755662,1006.94,WALLET,MER0004,DEBIT,,,,,
ACC00207,2026-07-21T15:35:56.522673,8301.67,CARD_ECOM,MER0001,DEBIT,,,,,
ACC00207,2026-06-20T01:47:11.718574,4434.85,UPI_ECOM,MER0011,DEBIT,,,,,
ACC00208,2026-07-08T01:43:22.682996,8944.02,CARD_ECOM,MER0030,DEBIT,,,,,
ACC00208,2026-07-31T16:39:54.513873,6279.72,CARD_ECOM,MER0028,DEBIT,,,,,
ACC00208,2026-06-06T08:23:51.458198,6784.12,CARD_ECOM,MER0032,DEBIT,,,,,
ACC00208,2026-07-26T18:39:35.399962,5839.73,WALLET,MER0026,DEBIT,,,,,
ACC00208,2026-07-27T08:26:18.721866,2373.47,CARD_ECOM,MER0039,DEBIT,,,,,
ACC00208,2026-06-16T14:45:46.823951,4221.13,UPI_ECOM,MER0035,DEBIT,,,,,
ACC00209,2026-08-03T02:28:23.970095,978.59,UPI_ECOM,MER0023,DEBIT,,,,,
ACC00209,2026-06-25T23:46:49.131231,6158.46,CARD_ECOM,MER0037,DEBIT,,,,,
ACC00209,2026-08-20T04:57:15.958991,4096.16,UPI_ECOM,MER0014,DEBIT,,,,,
ACC00209,2026-08-22T19:42:47.785681,774.3,WALLET,MER0016,DEBIT,,,,,
ACC00209,2026-07-30T21:27:56.319187,5481.23,CARD_ECOM,MER0024,DEBIT,,,,,
ACC00209,2026-08-05T08:24:53.869784,7676.12,CARD_POS,MER0010,DEBIT,,,,,
ACC00209,2026-08-06T02:19:09.036114,5464.86,CARD_ECOM,MER0018,DEBIT,,,,,
ACC00209,2026-07-22T06:19:16.959678,4538.84,CARD_POS,MER0014,DEBIT,,,,,
ACC00209,2026-06-24T14:50:14.252155,6675.12,UPI_ECOM,MER0039,DEBIT,,,,,
ACC00210,2026-07-05T07:29:58.576169,4515.48,CARD_ECOM,MER0012,DEBIT,,,,,
ACC00210,2026-07-31T21:47:02.402912,8147.23,CARD_POS,MER0003,DEBIT,,,,,
ACC00210,2026-07-21T01:52:49.073677,1971.53,UPI_ECOM,MER0025,DEBIT,,,,,
ACC00210,2026-06-20T05:42:23.194106,7209.55,WALLET,MER0006,DEBIT,,,,,
ACC00210,2026-06-25T22:09:22.642134,5978.84,WALLET,MER0011,DEBIT,,,,,
ACC00210,2026-07-16T21:01:46.177015,1077.81,UPI_ECOM,MER0019,DEBIT,,,,,
ACC00211,2026-07-23T15:35:57.131853,7594.87,UPI_ECOM,MER0008,DEBIT,,,,,
ACC00211,2026-08-27T12:04:47.951360,7415.83,CARD_ECOM,MER0024,DEBIT,,,,,
ACC00211,2026-07-08T16:44:38.912544,8406.09,CARD_POS,MER0031,DEBIT,,,,,
ACC00211,2026-06-29T17:35:10.378582,7468.98,WALLET,MER0029,DEBIT,,,,,
ACC00211,2026-07-22T10:16:39.802323,7226.05,UPI_ECOM,MER0007,DEBIT,,,,,
ACC00211,2026-08-03T13:12:54.470369,5940.96,UPI_ECOM,MER0023,DEBIT,,,,,
ACC00211,2026-08-29T06:06:44.850704,1112.31,CARD_ECOM,MER0020,DEBIT,,,,,
ACC00211,2026-07-17T11:23:42.126536,4038.12,CARD_ECOM,MER0023,DEBIT,,,,,
ACC00211,2026-07-23T02:50:12.428276,8097.35,CARD_POS,MER0031,DEBIT,,,,,
ACC00211,2026-07-14T03:12:54.217025,305.81,UPI_ECOM,MER0032,DEBIT,,,,,
ACC00211,2026-07-02T18:53:22.230616,7980.88,UPI_ECOM,MER0032,DEBIT,,,,,
ACC00212,2026-07-20T01:08:24.633954,3995.15,UPI_ECOM,MER0004,DEBIT,,,,,
ACC00212,2026-08-28T14:53:10.317269,6123.61,CARD_POS,MER0025,DEBIT,,,,,
ACC00212,2026-07-06T22:32:46.005067,4002.7,WALLET,MER0034,DEBIT,,,,,
ACC00212,2026-07-18T00:34:49.650625,1179.81,WALLET,MER0006,DEBIT,,,,,
ACC00212,2026-06-24T10:56:57.468887,2365.66,UPI_ECOM,MER0014,DEBIT,,,,,
ACC00212,2026-08-09T17:20:08.192583,6764.78,WALLET,MER0032,DEBIT,,,,,
ACC00212,2026-06-15T01:18:01.614466,5178.3,UPI_ECOM,MER0019,DEBIT,,,,,
ACC00212,2026-08-15T04:50:57.344080,4160.99,CARD_POS,MER0034,DEBIT,,,,,
ACC00213,2026-06-26T15:01:39.647029,2311.51,CARD_ECOM,MER0027,DEBIT,,,,,
ACC00213,2026-06-11T03:05:33.605984,5993.83,CARD_POS,MER0033,DEBIT,,,,,
ACC00213,2026-06-20T11:45:52.887953,1439.53,UPI_ECOM,MER0037,DEBIT,,,,,
ACC00213,2026-08-14T07:16:30.576137,1625.73,UPI_ECOM,MER0027,DEBIT,,,,,
ACC00213,2026-07-16T15:57:52.861423,1645.68,UPI_ECOM,MER0027,DEBIT,,,,,
ACC00213,2026-08-16T11:00:27.564419,2763.99,CARD_POS,MER0010,DEBIT,,,,,
ACC00213,2026-06-18T22:07:50.916597,3978.69,CARD_ECOM,MER0010,DEBIT,,,,,
ACC00214,2026-08-12T12:51:15.433759,2703.84,WALLET,MER0029,DEBIT,,,,,
ACC00214,2026-06-17T09:19:25.841141,1073.77,WALLET,MER0007,DEBIT,,,,,
ACC00214,2026-08-05T09:53:05.401859,3975.31,UPI_ECOM,MER0000,DEBIT,,,,,
ACC00214,2026-07-28T08:58:19.391165,4817.26,WALLET,MER0031,DEBIT,,,,,
ACC00214,2026-08-05T15:09:42.574603,7902.42,WALLET,MER0015,DEBIT,,,,,
ACC00214,2026-08-02T22:14:42.532862,7579.07,CARD_ECOM,MER0002,DEBIT,,,,,
ACC00214,2026-07-23T01:09:00.449439,3616.15,WALLET,MER0028,DEBIT,,,,,
ACC00214,2026-06-08T04:54:23.117625,953.94,UPI_ECOM,MER0004,DEBIT,,,,,
ACC00214,2026-07-01T06:38:46.138326,8062.42,WALLET,MER0036,DEBIT,,,,,
ACC00214,2026-06-06T12:21:43.101105,8503.98,UPI_ECOM,MER0036,DEBIT,,,,,
ACC00214,2026-06-18T16:55:18.700303,448.17,CARD_ECOM,MER0009,DEBIT,,,,,
ACC00215,2026-08-06T09:17:14.816517,2504.06,UPI_ECOM,MER0000,DEBIT,,,,,
ACC00215,2026-08-26T05:57:49.267865,8941.99,CARD_ECOM,MER0025,DEBIT,,,,,
ACC00215,2026-07-05T11:11:46.551963,3572.02,WALLET,MER0019,DEBIT,,,,,
ACC00215,2026-08-22T10:50:38.532704,8055.34,CARD_POS,MER0036,DEBIT,,,,,
ACC00215,2026-08-15T05:19:16.988414,6484.15,CARD_POS,MER0032,DEBIT,,,,,
ACC00215,2026-06-13T04:09:44.696536,3535.28,CARD_POS,MER0023,DEBIT,,,,,
ACC00215,2026-07-12T08:25:46.338245,6628.31,CARD_POS,MER0033,DEBIT,,,,,
ACC00215,2026-06-12T06:22:16.843860,2610.07,UPI_ECOM,MER0011,DEBIT,,,,,
ACC00216,2026-08-06T19:43:58.543077,5984.93,CARD_POS,MER0033,DEBIT,,,,,
ACC00216,2026-08-24T07:18:10.165186,5139.07,CARD_POS,MER0010,DEBIT,,,,,
ACC00216,2026-08-29T23:50:48.588397,4975.01,UPI_ECOM,MER0035,DEBIT,,,,,
ACC00216,2026-06-19T10:16:13.983781,2501.85,CARD_ECOM,MER0023,DEBIT,,,,,
ACC00216,2026-08-04T01:20:21.363682,3558.99,CARD_ECOM,MER0018,DEBIT,,,,,
ACC00216,2026-07-18T09:18:08.254473,8646.61,CARD_ECOM,MER0013,DEBIT,,,,,
ACC00216,2026-07-04T22:48:19.250039,6466.75,UPI_ECOM,MER0025,DEBIT,,,,,
ACC00216,2026-08-08T03:35:07.392488,5778.1,UPI_ECOM,MER0033,DEBIT,,,,,
ACC00216,2026-08-14T22:15:04.197068,8687.85,CARD_ECOM,MER0019,DEBIT,,,,,
ACC00216,2026-07-18T01:20:01.642821,7163.96,UPI_ECOM,MER0026,DEBIT,,,,,
ACC00216,2026-07-15T16:31:25.700206,4071.54,WALLET,MER0013,DEBIT,,,,,
ACC00217,2026-07-08T05:17:22.041600,5320.77,WALLET,MER0007,DEBIT,,,,,
ACC00217,2026-07-24T12:34:15.099217,1377.06,UPI_ECOM,MER0003,DEBIT,,,,,
ACC00217,2026-08-03T21:39:18.627402,2316.21,CARD_ECOM,MER0000,DEBIT,,,,,
ACC00217,2026-06-12T02:29:19.322321,1155.1,UPI_ECOM,MER0008,DEBIT,,,,,
ACC00217,2026-06-17T01:23:43.343454,3373.6,WALLET,MER0038,DEBIT,,,,,
ACC00217,2026-06-04T03:49:33.670303,5484.28,UPI_ECOM,MER0010,DEBIT,,,,,
ACC00218,2026-07-25T18:41:34.724909,1961.23,UPI_ECOM,MER0039,DEBIT,,,,,
ACC00218,2026-06-07T07:40:57.556217,6844.06,WALLET,MER0028,DEBIT,,,,,
ACC00218,2026-08-02T09:06:51.033301,6925.43,CARD_POS,MER0004,DEBIT,,,,,
ACC00218,2026-08-17T22:26:15.599714,4075.48,CARD_POS,MER0032,DEBIT,,,,,
ACC00219,2026-08-28T21:56:51.944619,4702.46,WALLET,MER0016,DEBIT,,,,,
ACC00219,2026-07-08T04:54:34.187710,2235.62,WALLET,MER0031,DEBIT,,,,,
ACC00219,2026-07-05T22:43:32.039963,6568.02,WALLET,MER0005,DEBIT,,,,,
ACC00220,2026-06-25T07:39:44.928199,4476.78,CARD_POS,MER0022,DEBIT,,,,,
ACC00220,2026-07-08T18:03:28.499188,8430.84,CARD_POS,MER0001,DEBIT,,,,,
ACC00220,2026-08-07T15:40:30.991025,7450.63,UPI_ECOM,MER0003,DEBIT,,,,,
ACC00220,2026-06-30T14:45:36.399342,4518.01,CARD_ECOM,MER0034,DEBIT,,,,,
ACC00220,2026-06-28T20:16:42.316270,5638.87,CARD_ECOM,MER0020,DEBIT,,,,,
ACC00220,2026-08-09T23:24:37.861710,8515.24,WALLET,MER0013,DEBIT,,,,,
ACC00220,2026-06-03T08:36:19.797110,3802.64,CARD_POS,MER0009,DEBIT,,,,,
ACC00221,2026-07-25T14:23:55.262122,7748.51,UPI_ECOM,MER0030,DEBIT,,,,,
ACC00221,2026-07-28T15:58:42.255089,8722.29,CARD_ECOM,MER0021,DEBIT,,,,,
ACC00221,2026-08-02T13:09:57.222187,3856.25,CARD_ECOM,MER0014,DEBIT,,,,,
ACC00221,2026-07-19T08:53:31.425062,2970.03,UPI_ECOM,MER0007,DEBIT,,,,,
ACC00222,2026-06-28T08:52:30.727894,4226.65,UPI_ECOM,MER0001,DEBIT,,,,,
ACC00222,2026-06-18T02:48:32.513661,5299.22,CARD_ECOM,MER0006,DEBIT,,,,,
ACC00222,2026-08-15T03:00:29.542815,4107.42,WALLET,MER0006,DEBIT,,,,,
ACC00222,2026-06-07T03:55:09.975232,3113.41,WALLET,MER0034,DEBIT,,,,,
ACC00222,2026-07-22T15:15:37.985460,8071.19,CARD_POS,MER0028,DEBIT,,,,,
ACC00222,2026-06-17T16:20:08.503540,5337.16,WALLET,MER0023,DEBIT,,,,,
ACC00222,2026-08-27T23:12:47.605254,3811.62,CARD_POS,MER0005,DEBIT,,,,,
ACC00222,2026-06-09T12:37:45.615177,8117.6,CARD_POS,MER0017,DEBIT,,,,,
ACC00222,2026-07-09T01:26:56.915418,7991.88,CARD_POS,MER0022,DEBIT,,,,,
ACC00222,2026-08-24T11:29:10.524552,2825.31,CARD_ECOM,MER0025,DEBIT,,,,,
ACC00222,2026-08-02T07:05:22.389238,2293.22,UPI_ECOM,MER0000,DEBIT,,,,,
ACC00222,2026-07-30T03:42:22.930950,3881.68,UPI_ECOM,MER0017,DEBIT,,,,,
ACC00223,2026-08-31T06:58:16.720635,6126.66,WALLET,MER0021,DEBIT,,,,,
ACC00223,2026-07-02T22:51:58.388583,2622.46,UPI_ECOM,MER0007,DEBIT,,,,,
ACC00223,2026-07-06T06:24:47.800633,4617.5,CARD_ECOM,MER0029,DEBIT,,,,,
ACC00223,2026-07-14T20:27:41.302134,3045.15,CARD_ECOM,MER0032,DEBIT,,,,,
ACC00223,2026-07-13T14:55:09.131055,6508.64,UPI_ECOM,MER0019,DEBIT,,,,,
ACC00223,2026-07-03T03:56:35.181554,1237.12,UPI_ECOM,MER0009,DEBIT,,,,,
ACC00223,2026-06-29T01:32:45.960191,4277.38,CARD_POS,MER0033,DEBIT,,,,,
ACC00223,2026-08-23T16:24:54.246997,8131.27,CARD_ECOM,MER0015,DEBIT,,,,,
ACC00224,2026-06-02T09:53:34.481497,3686.01,UPI_ECOM,MER0036,DEBIT,,,,,
ACC00224,2026-06-18T21:11:58.552163,5184.01,CARD_POS,MER0001,DEBIT,,,,,
ACC00224,2026-07-10T21:45:12.245253,3731.7,WALLET,MER0023,DEBIT,,,,,
ACC00224,2026-07-31T10:57:10.052059,5279.7,UPI_ECOM,MER0002,DEBIT,,,,,
ACC00224,2026-07-03T00:40:44.356006,6371.45,CARD_POS,MER0004,DEBIT,,,,,
ACC00224,2026-07-13T16:19:50.764291,7010.86,WALLET,MER0032,DEBIT,,,,,
ACC00224,2026-06-19T08:04:38.054471,2727.25,CARD_POS,MER0020,DEBIT,,,,,
ACC00224,2026-06-04T07:06:06.055856,4812.8,CARD_ECOM,MER0008,DEBIT,,,,,
ACC00224,2026-07-13T23:02:22.507667,501.93,UPI_ECOM,MER0008,DEBIT,,,,,
ACC00224,2026-08-07T23:10:23.743841,4090.57,WALLET,MER0031,DEBIT,,,,,
ACC00225,2026-07-11T17:12:09.283067,2884.88,CARD_ECOM,MER0014,DEBIT,,,,,
ACC00225,2026-06-17T21:01:41.985322,7530.59,UPI_ECOM,MER0013,DEBIT,,,,,
ACC00225,2026-06-13T11:12:41.979745,7057.95,WALLET,MER0029,DEBIT,,,,,
ACC00225,2026-07-29T18:38:27.077884,4831.21,CARD_POS,MER0038,DEBIT,,,,,
ACC00225,2026-08-23T12:10:26.336545,2634.1,UPI_ECOM,MER0015,DEBIT,,,,,
ACC00225,2026-08-30T23:02:39.624111,865.58,WALLET,MER0016,DEBIT,,,,,
ACC00225,2026-08-24T01:03:34.522020,1592.18,CARD_POS,MER0024,DEBIT,,,,,
ACC00226,2026-06-11T20:32:31.980017,8567.69,WALLET,MER0019,DEBIT,,,,,
ACC00226,2026-08-15T11:55:12.737791,4674.14,CARD_POS,MER0036,DEBIT,,,,,
ACC00226,2026-08-27T06:32:49.846347,1120.54,WALLET,MER0014,DEBIT,,,,,
ACC00226,2026-08-14T01:08:48.683206,6818.14,CARD_POS,MER0021,DEBIT,,,,,
ACC00226,2026-08-17T04:57:20.067920,7045.02,UPI_ECOM,MER0038,DEBIT,,,,,
ACC00226,2026-07-08T18:47:53.989597,2467.65,WALLET,MER0000,DEBIT,,,,,
ACC00226,2026-08-06T01:48:11.504863,6953.72,CARD_POS,MER0037,DEBIT,,,,,
ACC00226,2026-06-25T17:45:41.349834,5823.21,WALLET,MER0038,DEBIT,,,,,
ACC00226,2026-07-31T09:59:24.913707,2280.17,WALLET,MER0013,DEBIT,,,,,
ACC00226,2026-08-12T20:22:26.214428,5018.23,UPI_ECOM,MER0013,DEBIT,,,,,
ACC00226,2026-08-12T05:30:48.863693,5392.36,WALLET,MER0001,DEBIT,,,,,
ACC00226,2026-08-22T01:59:18.780707,1272.19,UPI_ECOM,MER0010,DEBIT,,,,,
ACC00227,2026-06-21T20:06:36.998467,6627.12,CARD_POS,MER0027,DEBIT,,,,,
ACC00227,2026-06-28T21:03:04.554103,4638.25,CARD_POS,MER0031,DEBIT,,,,,
ACC00227,2026-07-16T05:43:16.386531,8899.7,WALLET,MER0031,DEBIT,,,,,
ACC00227,2026-07-26T15:37:17.987117,7173.71,UPI_ECOM,MER0017,DEBIT,,,,,
ACC00227,2026-07-25T15:36:08.926670,2010.03,WALLET,MER0004,DEBIT,,,,,
ACC00227,2026-06-18T13:46:10.973337,7780.58,WALLET,MER0012,DEBIT,,,,,
ACC00227,2026-07-12T09:51:55.310002,4398.56,UPI_ECOM,MER0013,DEBIT,,,,,
ACC00227,2026-08-15T17:06:52.749910,6406.44,UPI_ECOM,MER0027,DEBIT,,,,,
ACC00227,2026-08-20T08:14:52.348458,1085.55,UPI_ECOM,MER0034,DEBIT,,,,,
ACC00227,2026-08-13T01:44:39.147686,1216.22,CARD_POS,MER0034,DEBIT,,,,,
ACC00228,2026-08-05T13:50:51.687749,5401.29,CARD_POS,MER0025,DEBIT,,,,,
ACC00228,2026-07-23T23:22:07.352701,4397.64,CARD_ECOM,MER0000,DEBIT,,,,,
ACC00228,2026-07-28T13:18:35.137904,3119.28,WALLET,MER0025,DEBIT,,,,,
ACC00229,2026-06-23T16:22:15.857512,3416.88,WALLET,MER0026,DEBIT,,,,,
ACC00229,2026-06-17T23:18:15.141412,2514.22,WALLET,MER0000,DEBIT,,,,,
ACC00229,2026-08-20T01:34:15.265413,1852.99,CARD_POS,MER0002,DEBIT,,,,,
ACC00229,2026-07-29T03:47:43.787040,4678.65,CARD_ECOM,MER0017,DEBIT,,,,,
ACC00229,2026-08-22T18:15:54.649254,594.39,CARD_POS,MER0018,DEBIT,,,,,
ACC00229,2026-07-30T01:08:55.376861,1922.4,CARD_POS,MER0018,DEBIT,,,,,
ACC00229,2026-07-03T03:11:54.924925,4354.25,CARD_ECOM,MER0032,DEBIT,,,,,
ACC00229,2026-06-14T06:26:48.518806,4396.51,UPI_ECOM,MER0007,DEBIT,,,,,
ACC00229,2026-07-27T00:07:43.590336,1893.84,WALLET,MER0039,DEBIT,,,,,
ACC00229,2026-06-04T10:03:38.939319,8437.92,UPI_ECOM,MER0020,DEBIT,,,,,
ACC00229,2026-07-24T18:20:25.871102,5590.37,CARD_ECOM,MER0018,DEBIT,,,,,
ACC00230,2026-06-24T06:41:50.993363,5487.9,UPI_ECOM,MER0009,DEBIT,,,,,
ACC00230,2026-07-29T01:38:52.090287,541.65,WALLET,MER0021,DEBIT,,,,,
ACC00230,2026-07-08T12:03:23.840428,8904.89,UPI_ECOM,MER0015,DEBIT,,,,,
ACC00230,2026-06-26T02:51:28.769317,5557.53,CARD_POS,MER0008,DEBIT,,,,,
ACC00230,2026-08-08T01:13:04.247755,8391.48,CARD_ECOM,MER0028,DEBIT,,,,,
ACC00230,2026-06-11T15:57:22.227642,6271.76,WALLET,MER0023,DEBIT,,,,,
ACC00230,2026-07-27T22:31:24.224867,875.4,CARD_ECOM,MER0013,DEBIT,,,,,
ACC00231,2026-06-10T11:27:31.664950,914.04,WALLET,MER0014,DEBIT,,,,,
ACC00231,2026-07-03T09:35:24.407150,7763.35,CARD_ECOM,MER0031,DEBIT,,,,,
ACC00232,2026-07-13T05:43:27.682880,6977.56,CARD_POS,MER0024,DEBIT,,,,,
ACC00232,2026-08-03T12:48:02.655995,8736.6,CARD_POS,MER0033,DEBIT,,,,,
ACC00232,2026-06-22T08:26:16.839750,3480.77,CARD_ECOM,MER0027,DEBIT,,,,,
ACC00232,2026-08-09T08:32:49.650928,1765.04,CARD_POS,MER0013,DEBIT,,,,,
ACC00232,2026-07-28T01:36:25.651275,6178.75,CARD_ECOM,MER0022,DEBIT,,,,,
ACC00232,2026-08-31T10:11:15.499926,2623.06,CARD_ECOM,MER0034,DEBIT,,,,,
ACC00232,2026-07-26T04:18:05.343580,2294.59,CARD_ECOM,MER0008,DEBIT,,,,,
ACC00233,2026-07-17T02:22:18.315074,6144.33,CARD_POS,MER0006,DEBIT,,,,,
ACC00233,2026-08-18T13:50:02.806607,7094.56,CARD_ECOM,MER0028,DEBIT,,,,,
ACC00233,2026-06-10T04:09:28.630834,6500.29,WALLET,MER0033,DEBIT,,,,,
ACC00233,2026-08-24T04:49:02.916089,6601.91,UPI_ECOM,MER0035,DEBIT,,,,,
ACC00233,2026-06-18T11:15:45.316342,2809.9,UPI_ECOM,MER0028,DEBIT,,,,,
ACC00233,2026-06-16T12:02:04.492818,8638.88,UPI_ECOM,MER0001,DEBIT,,,,,
ACC00233,2026-06-24T23:27:28.217169,2455.39,WALLET,MER0009,DEBIT,,,,,
ACC00233,2026-07-19T19:57:13.114849,399.05,UPI_ECOM,MER0019,DEBIT,,,,,
ACC00233,2026-07-07T01:19:58.362920,2546.51,WALLET,MER0025,DEBIT,,,,,
ACC00233,2026-06-07T20:52:46.513199,355.65,CARD_ECOM,MER0035,DEBIT,,,,,
ACC00234,2026-06-29T03:34:49.523440,5957.97,WALLET,MER0014,DEBIT,,,,,
ACC00234,2026-06-10T05:53:55.373265,8189.19,CARD_ECOM,MER0028,DEBIT,,,,,
ACC00234,2026-06-30T16:47:50.116022,2737.36,CARD_ECOM,MER0010,DEBIT,,,,,
ACC00234,2026-08-14T03:37:31.126551,2365.78,WALLET,MER0002,DEBIT,,,,,
ACC00234,2026-07-22T17:54:02.194148,3365.98,UPI_ECOM,MER0038,DEBIT,,,,,
ACC00234,2026-07-16T00:33:58.418214,8407.84,UPI_ECOM,MER0029,DEBIT,,,,,
ACC00235,2026-06-15T02:58:27.424197,6134.72,WALLET,MER0029,DEBIT,,,,,
ACC00235,2026-08-28T02:03:40.678617,1642.72,WALLET,MER0014,DEBIT,,,,,
ACC00235,2026-07-18T03:48:46.057835,5965.77,CARD_POS,MER0004,DEBIT,,,,,
ACC00235,2026-06-21T13:45:01.737084,4687.96,CARD_POS,MER0024,DEBIT,,,,,
ACC00235,2026-06-10T22:18:43.934549,2396.65,UPI_ECOM,MER0036,DEBIT,,,,,
ACC00235,2026-08-29T17:06:04.822177,424.44,CARD_ECOM,MER0029,DEBIT,,,,,
ACC00235,2026-06-30T13:46:52.533256,4764.15,UPI_ECOM,MER0020,DEBIT,,,,,
ACC00235,2026-08-30T23:23:16.846791,2816.7,CARD_ECOM,MER0033,DEBIT,,,,,
ACC00236,2026-08-09T08:05:46.098877,1054.97,WALLET,MER0038,DEBIT,,,,,
ACC00236,2026-08-04T08:40:33.813919,8174.68,CARD_POS,MER0022,DEBIT,,,,,
ACC00236,2026-08-27T10:01:33.408995,5649.44,CARD_POS,MER0018,DEBIT,,,,,
ACC00236,2026-06-13T20:12:35.866593,8122.54,WALLET,MER0008,DEBIT,,,,,
ACC00236,2026-08-11T12:34:56.328215,6919.03,UPI_ECOM,MER0032,DEBIT,,,,,
ACC00236,2026-06-08T21:10:50.402837,3906.89,CARD_POS,MER0013,DEBIT,,,,,
ACC00236,2026-08-06T03:11:11.903409,2951.37,CARD_POS,MER0037,DEBIT,,,,,
ACC00236,2026-06-26T19:44:34.625307,5178.38,CARD_ECOM,MER0018,DEBIT,,,,,
ACC00236,2026-08-01T01:26:45.702039,2738.33,UPI_ECOM,MER0033,DEBIT,,,,,
ACC00237,2026-06-22T14:58:29.611701,795.42,CARD_ECOM,MER0023,DEBIT,,,,,
ACC00237,2026-08-27T20:42:20.883713,7009.7,CARD_ECOM,MER0018,DEBIT,,,,,
ACC00237,2026-07-06T22:57:58.409478,1476.87,CARD_ECOM,MER0019,DEBIT,,,,,
ACC00237,2026-08-20T02:19:11.522442,7044.57,CARD_ECOM,MER0012,DEBIT,,,,,
ACC00237,2026-07-22T23:59:29.319000,6445.87,CARD_ECOM,MER0013,DEBIT,,,,,
ACC00237,2026-06-16T04:28:46.850920,1902.42,CARD_ECOM,MER0015,DEBIT,,,,,
ACC00238,2026-06-15T20:52:25.198574,3835.79,WALLET,MER0017,DEBIT,,,,,
ACC00238,2026-06-27T01:49:19.829745,6791.52,WALLET,MER0022,DEBIT,,,,,
ACC00239,2026-08-08T22:31:40.469024,300.91,CARD_ECOM,MER0018,DEBIT,,,,,
ACC00239,2026-08-29T22:11:53.023610,4516.74,UPI_ECOM,MER0031,DEBIT,,,,,
ACC00239,2026-06-19T05:16:57.520789,3774.93,CARD_ECOM,MER0001,DEBIT,,,,,
ACC00239,2026-08-28T00:02:47.179643,4992.52,WALLET,MER0015,DEBIT,,,,,
ACC00239,2026-07-29T00:14:14.639059,8631.63,WALLET,MER0012,DEBIT,,,,,
ACC00239,2026-08-06T21:34:02.673514,3666.05,UPI_ECOM,MER0017,DEBIT,,,,,
ACC00239,2026-08-29T17:16:55.088941,7454.19,WALLET,MER0025,DEBIT,,,,,
ACC00239,2026-07-15T07:58:12.372290,8837.95,WALLET,MER0005,DEBIT,,,,,
ACC00239,2026-07-31T17:44:32.476104,6742.69,CARD_ECOM,MER0020,DEBIT,,,,,
ACC00240,2026-06-21T01:23:53.135836,2802.91,UPI_ECOM,MER0025,DEBIT,,,,,
ACC00240,2026-08-15T10:07:40.723899,4536.74,CARD_POS,MER0017,DEBIT,,,,,
ACC00240,2026-07-07T02:22:48.751898,4031.15,CARD_ECOM,MER0004,DEBIT,,,,,
ACC00240,2026-08-27T14:12:24.992505,2492.76,UPI_ECOM,MER0027,DEBIT,,,,,
ACC00240,2026-08-19T01:20:14.628244,4159.27,CARD_POS,MER0017,DEBIT,,,,,
ACC00240,2026-06-04T09:26:14.056412,1775.96,WALLET,MER0036,DEBIT,,,,,
ACC00240,2026-08-09T06:39:50.443314,7308.68,UPI_ECOM,MER0014,DEBIT,,,,,
ACC00240,2026-07-26T23:11:35.723251,7925.2,UPI_ECOM,MER0032,DEBIT,,,,,
ACC00240,2026-08-12T12:04:17.195179,8060.47,CARD_POS,MER0035,DEBIT,,,,,
ACC00240,2026-07-29T19:14:09.820743,1165.39,WALLET,MER0006,DEBIT,,,,,
ACC00240,2026-07-27T14:25:37.201995,1694.0,CARD_ECOM,MER0034,DEBIT,,,,,
ACC00241,2026-08-27T21:08:03.322194,2775.9,WALLET,MER0030,DEBIT,,,,,
ACC00241,2026-07-24T23:23:41.900355,6678.75,WALLET,MER0038,DEBIT,,,,,
ACC00241,2026-08-20T15:01:06.628912,3530.83,WALLET,MER0013,DEBIT,,,,,
ACC00241,2026-08-30T11:44:59.212152,7568.73,WALLET,MER0033,DEBIT,,,,,
ACC00241,2026-08-04T07:15:16.281207,2172.08,WALLET,MER0031,DEBIT,,,,,
ACC00241,2026-08-11T04:51:53.756204,5387.69,CARD_POS,MER0015,DEBIT,,,,,
ACC00242,2026-06-16T00:12:28.396144,7201.98,CARD_ECOM,MER0010,DEBIT,,,,,
ACC00242,2026-06-14T19:00:16.430147,4095.4,WALLET,MER0002,DEBIT,,,,,
ACC00242,2026-06-20T12:46:16.176084,5438.29,CARD_ECOM,MER0015,DEBIT,,,,,
ACC00242,2026-06-19T23:19:28.707886,4611.31,UPI_ECOM,MER0009,DEBIT,,,,,
ACC00242,2026-07-04T15:58:15.309485,4322.89,CARD_POS,MER0001,DEBIT,,,,,
ACC00242,2026-08-04T08:51:55.329079,5179.87,WALLET,MER0006,DEBIT,,,,,
ACC00243,2026-06-05T06:26:23.767513,3322.33,UPI_ECOM,MER0027,DEBIT,,,,,
ACC00243,2026-07-29T06:54:11.239479,6950.04,UPI_ECOM,MER0034,DEBIT,,,,,
ACC00244,2026-08-29T14:40:00.606729,5947.01,CARD_ECOM,MER0004,DEBIT,,,,,
ACC00244,2026-06-24T11:15:37.405698,7202.12,CARD_ECOM,MER0031,DEBIT,,,,,
ACC00244,2026-06-19T18:44:56.929058,471.83,CARD_ECOM,MER0014,DEBIT,,,,,
ACC00244,2026-07-21T00:05:16.646518,6466.22,WALLET,MER0003,DEBIT,,,,,
ACC00244,2026-06-13T08:29:29.689670,879.83,WALLET,MER0028,DEBIT,,,,,
ACC00244,2026-08-28T12:52:23.171156,7367.9,UPI_ECOM,MER0011,DEBIT,,,,,
ACC00244,2026-07-18T03:19:21.712346,2732.46,CARD_ECOM,MER0023,DEBIT,,,,,
ACC00244,2026-08-01T13:54:56.605299,4689.13,UPI_ECOM,MER0014,DEBIT,,,,,
ACC00244,2026-06-19T18:12:56.792004,7210.56,CARD_POS,MER0027,DEBIT,,,,,
ACC00244,2026-07-12T08:28:43.956781,5890.03,CARD_POS,MER0010,DEBIT,,,,,
ACC00244,2026-08-12T04:19:00.910569,8613.35,WALLET,MER0006,DEBIT,,,,,
ACC00244,2026-07-19T05:17:56.070055,5939.05,UPI_ECOM,MER0029,DEBIT,,,,,
ACC00245,2026-07-02T23:13:17.215792,8819.23,CARD_ECOM,MER0026,DEBIT,,,,,
ACC00245,2026-07-25T22:57:56.778585,887.06,CARD_ECOM,MER0007,DEBIT,,,,,
ACC00245,2026-06-07T17:29:46.932553,2698.05,CARD_ECOM,MER0020,DEBIT,,,,,
ACC00245,2026-08-19T19:24:12.577466,601.88,CARD_ECOM,MER0008,DEBIT,,,,,
ACC00246,2026-07-14T05:17:52.173324,6444.12,CARD_ECOM,MER0032,DEBIT,,,,,
ACC00246,2026-07-21T14:32:37.953844,783.2,WALLET,MER0011,DEBIT,,,,,
ACC00246,2026-08-20T10:46:23.330885,4148.59,CARD_POS,MER0025,DEBIT,,,,,
ACC00246,2026-06-13T19:09:30.269629,2494.42,UPI_ECOM,MER0032,DEBIT,,,,,
ACC00246,2026-06-20T16:32:18.891848,5039.88,UPI_ECOM,MER0018,DEBIT,,,,,
ACC00246,2026-08-11T06:48:39.736772,6039.93,WALLET,MER0024,DEBIT,,,,,
ACC00246,2026-08-27T08:06:39.774993,3451.54,CARD_POS,MER0033,DEBIT,,,,,
ACC00247,2026-08-23T04:58:02.311967,7056.15,CARD_POS,MER0023,DEBIT,,,,,
ACC00247,2026-06-05T06:21:20.060450,473.86,UPI_ECOM,MER0024,DEBIT,,,,,
ACC00248,2026-08-31T01:23:01.391339,6468.02,UPI_ECOM,MER0023,DEBIT,,,,,
ACC00248,2026-06-04T10:40:50.771412,5941.15,WALLET,MER0028,DEBIT,,,,,
ACC00248,2026-06-29T12:44:16.211368,2002.61,CARD_ECOM,MER0024,DEBIT,,,,,
ACC00248,2026-07-15T14:47:23.475031,8263.02,CARD_POS,MER0025,DEBIT,,,,,
ACC00248,2026-08-12T12:21:41.300609,2644.59,WALLET,MER0027,DEBIT,,,,,
ACC00248,2026-07-23T17:06:28.605280,3511.65,WALLET,MER0005,DEBIT,,,,,
ACC00248,2026-07-09T01:21:44.885230,1513.12,CARD_POS,MER0003,DEBIT,,,,,
ACC00248,2026-06-14T06:26:56.977222,523.77,CARD_ECOM,MER0018,DEBIT,,,,,
ACC00248,2026-08-04T20:59:42.050790,539.13,UPI_ECOM,MER0016,DEBIT,,,,,
ACC00248,2026-08-14T05:27:01.165041,4226.62,CARD_ECOM,MER0005,DEBIT,,,,,
ACC00248,2026-07-17T04:16:30.346440,6784.53,CARD_ECOM,MER0003,DEBIT,,,,,
ACC00249,2026-07-05T17:23:28.095746,5864.79,WALLET,MER0010,DEBIT,,,,,
ACC00249,2026-07-18T09:54:47.254642,2842.11,WALLET,MER0017,DEBIT,,,,,
ACC00249,2026-07-07T16:27:42.999795,6759.57,UPI_ECOM,MER0029,DEBIT,,,,,
ACC00249,2026-08-01T09:28:09.805333,3814.43,UPI_ECOM,MER0019,DEBIT,,,,,
ACC00249,2026-07-11T20:01:14.211476,1038.86,CARD_ECOM,MER0034,DEBIT,,,,,
ACC00250,2026-07-20T04:08:46.382004,825.24,CARD_ECOM,MER0015,DEBIT,,,,,
ACC00250,2026-08-15T17:57:43.642757,7152.54,CARD_ECOM,MER0025,DEBIT,,,,,
ACC00250,2026-08-01T01:16:35.126577,6196.37,UPI_ECOM,MER0007,DEBIT,,,,,
ACC00250,2026-08-13T06:08:41.096849,7392.9,UPI_ECOM,MER0028,DEBIT,,,,,
ACC00250,2026-06-09T00:52:07.636627,8501.63,WALLET,MER0017,DEBIT,,,,,
ACC00251,2026-08-25T14:02:07.580083,3058.51,CARD_ECOM,MER0014,DEBIT,,,,,
ACC00251,2026-08-24T05:09:20.558548,963.34,WALLET,MER0037,DEBIT,,,,,
ACC00251,2026-07-04T06:12:42.975275,5395.95,CARD_POS,MER0009,DEBIT,,,,,
ACC00251,2026-08-08T20:17:47.852950,8217.35,CARD_ECOM,MER0035,DEBIT,,,,,
ACC00251,2026-08-22T22:14:25.187414,7568.67,CARD_POS,MER0021,DEBIT,,,,,
ACC00251,2026-08-05T18:53:56.975694,2792.2,CARD_POS,MER0003,DEBIT,,,,,
ACC00251,2026-06-26T17:32:18.116451,8203.92,WALLET,MER0034,DEBIT,,,,,
ACC00251,2026-06-22T12:36:54.015662,2847.29,CARD_ECOM,MER0012,DEBIT,,,,,
ACC00251,2026-06-02T16:16:36.161968,1349.81,WALLET,MER0033,DEBIT,,,,,
ACC00252,2026-08-22T18:02:32.829485,2549.58,UPI_ECOM,MER0008,DEBIT,,,,,
ACC00252,2026-07-10T15:08:29.252444,2826.84,CARD_ECOM,MER0022,DEBIT,,,,,
ACC00252,2026-07-01T00:11:39.938952,7195.96,CARD_ECOM,MER0016,DEBIT,,,,,
ACC00252,2026-08-07T17:26:57.060756,5920.23,CARD_ECOM,MER0027,DEBIT,,,,,
ACC00252,2026-08-27T02:32:36.579013,1721.53,CARD_ECOM,MER0027,DEBIT,,,,,
ACC00252,2026-07-27T20:10:39.855425,6644.4,UPI_ECOM,MER0026,DEBIT,,,,,
ACC00252,2026-07-13T14:08:13.720766,7140.73,CARD_ECOM,MER0004,DEBIT,,,,,
ACC00252,2026-08-06T07:12:24.113329,2478.1,UPI_ECOM,MER0025,DEBIT,,,,,
ACC00252,2026-07-24T19:12:43.327510,8672.14,CARD_POS,MER0037,DEBIT,,,,,
ACC00252,2026-08-11T00:40:24.139655,4962.11,CARD_POS,MER0018,DEBIT,,,,,
ACC00253,2026-06-30T15:45:08.269549,3776.08,WALLET,MER0022,DEBIT,,,,,
ACC00253,2026-08-18T12:00:51.915852,5587.52,CARD_POS,MER0038,DEBIT,,,,,
ACC00253,2026-06-24T16:35:11.686344,1131.24,WALLET,MER0004,DEBIT,,,,,
ACC00253,2026-07-24T13:05:01.181594,2337.34,WALLET,MER0006,DEBIT,,,,,
ACC00253,2026-07-31T00:22:24.526623,5941.19,UPI_ECOM,MER0004,DEBIT,,,,,
ACC00253,2026-06-07T03:16:16.453708,5252.93,CARD_POS,MER0018,DEBIT,,,,,
ACC00253,2026-06-27T09:41:53.522688,7035.49,UPI_ECOM,MER0032,DEBIT,,,,,
ACC00253,2026-07-14T12:05:29.641991,5114.03,CARD_POS,MER0000,DEBIT,,,,,
ACC00253,2026-08-21T13:30:50.777874,2179.68,CARD_POS,MER0026,DEBIT,,,,,
ACC00254,2026-07-01T01:44:26.876121,6639.25,UPI_ECOM,MER0012,DEBIT,,,,,
ACC00254,2026-06-10T23:55:43.369413,1030.87,WALLET,MER0011,DEBIT,,,,,
ACC00254,2026-07-07T01:20:04.060870,3387.41,UPI_ECOM,MER0015,DEBIT,,,,,
ACC00254,2026-06-13T18:43:34.968929,532.43,WALLET,MER0035,DEBIT,,,,,
ACC00254,2026-08-21T19:06:14.165513,368.97,CARD_ECOM,MER0000,DEBIT,,,,,
ACC00254,2026-06-03T08:42:13.012443,6000.24,CARD_POS,MER0023,DEBIT,,,,,
ACC00254,2026-06-23T12:13:08.347051,5818.15,CARD_POS,MER0034,DEBIT,,,,,
ACC00255,2026-08-06T02:44:57.354961,1998.91,UPI_ECOM,MER0007,DEBIT,,,,,
ACC00255,2026-08-24T15:02:37.961124,2484.53,WALLET,MER0026,DEBIT,,,,,
ACC00255,2026-08-05T11:04:05.790878,3601.43,CARD_POS,MER0026,DEBIT,,,,,
ACC00255,2026-07-21T15:26:48.919029,3498.79,UPI_ECOM,MER0025,DEBIT,,,,,
ACC00255,2026-07-20T17:40:02.883661,4787.1,CARD_POS,MER0034,DEBIT,,,,,
ACC00255,2026-07-15T02:55:26.098033,8927.22,CARD_ECOM,MER0012,DEBIT,,,,,
ACC00255,2026-07-12T22:11:05.072220,6083.0,WALLET,MER0030,DEBIT,,,,,
ACC00256,2026-06-20T11:09:51.899012,5069.56,CARD_ECOM,MER0010,DEBIT,,,,,
ACC00256,2026-06-22T12:05:41.810604,5704.78,CARD_ECOM,MER0030,DEBIT,,,,,
ACC00257,2026-07-25T02:57:52.814861,8370.05,CARD_POS,MER0017,DEBIT,,,,,
ACC00257,2026-07-09T08:50:17.154505,8522.7,UPI_ECOM,MER0009,DEBIT,,,,,
ACC00257,2026-07-23T00:20:57.001588,4358.82,UPI_ECOM,MER0012,DEBIT,,,,,
ACC00257,2026-06-19T12:31:13.125342,5229.78,CARD_ECOM,MER0008,DEBIT,,,,,
ACC00257,2026-08-25T07:32:21.554360,3732.29,WALLET,MER0001,DEBIT,,,,,
ACC00257,2026-07-17T11:19:09.629108,6123.41,WALLET,MER0016,DEBIT,,,,,
ACC00257,2026-06-03T12:19:47.942546,5788.45,WALLET,MER0007,DEBIT,,,,,
ACC00257,2026-08-21T19:52:55.000787,1935.4,CARD_POS,MER0023,DEBIT,,,,,
ACC00258,2026-08-17T23:03:08.131464,2312.2,UPI_ECOM,MER0005,DEBIT,,,,,
ACC00258,2026-06-07T18:55:03.581034,2328.23,UPI_ECOM,MER0013,DEBIT,,,,,
ACC00258,2026-07-11T23:23:51.733662,5546.84,WALLET,MER0037,DEBIT,,,,,
ACC00258,2026-06-12T23:29:34.103931,1587.16,UPI_ECOM,MER0030,DEBIT,,,,,
ACC00258,2026-06-30T22:16:15.266774,4649.06,UPI_ECOM,MER0014,DEBIT,,,,,
ACC00258,2026-08-06T14:06:56.392545,1998.68,UPI_ECOM,MER0016,DEBIT,,,,,
ACC00258,2026-06-05T08:34:57.269459,6718.11,CARD_ECOM,MER0038,DEBIT,,,,,
ACC00258,2026-07-24T09:34:23.471590,2373.42,CARD_POS,MER0008,DEBIT,,,,,
ACC00259,2026-07-30T19:54:37.648956,8781.18,UPI_ECOM,MER0008,DEBIT,,,,,
ACC00259,2026-07-06T15:41:55.945649,7535.34,CARD_ECOM,MER0029,DEBIT,,,,,
ACC00259,2026-08-16T23:16:39.761557,3173.59,CARD_ECOM,MER0007,DEBIT,,,,,
